{"type":"FeatureCollection","features":[{"type":"Feature","geometry":{"type":"MultiPolygon","coordinates":[[[[19.724736995736947,-34.76724899889344],[19.691349991824293,-34.76315999881357],[19.672419993406983,-34.77755000029874],[19.649509992573815,-34.785939997426965],[19.6339199905446,-34.75664999724248],[19.61524999362008,-34.75764000273228],[19.596049987414755,-34.746669999702064],[19.593999989676746,-34.7294299995401],[19.573219988832363,-34.72826000370481],[19.56439998894591,-34.7152000010011],[19.54956998718959,-34.71157000044442],[19.5456799926824,-34.69778000170053],[19.529189985444336,-34.68796999744725],[19.529699989533835,-34.67706999698534],[19.515819991468682,-34.669740001041774],[19.49485999140108,-34.6720699954577],[19.488589987417864,-34.663639997940834],[19.449149988108495,-34.65463000056659],[19.438719991342175,-34.63096000174743],[19.42104998928408,-34.611699998971375],[19.402229985954076,-34.60641999938922],[19.366949987125555,-34.616389999157164],[19.340209990416675,-34.627669995735815],[19.33081999005954,-34.62438999526789],[19.305969987340866,-34.63326000211538],[19.293519987480146,-34.627829998268275],[19.310499985662528,-34.61249999854031],[19.32615999885913,-34.61018999989116],[19.354149985984638,-34.55883999819141],[19.36364999086917,-34.55603999932904],[19.37811998680106,-34.54039000082675],[19.371389985371273,-34.514579996339585],[19.357739986546882,-34.48548000240853],[19.345979988886466,-34.467769999637],[19.32164998831116,-34.4395899999758],[19.30292998382804,-34.42380000191553],[19.275379990396086,-34.40905000089513],[19.238349986667075,-34.42182999785049],[19.218479988842148,-34.43812000054391],[19.203309984476405,-34.435460000524834],[19.181569988657277,-34.419910000689384],[19.170189987648953,-34.41601000024093],[19.141209987390596,-34.423169995386424],[19.11758998681631,-34.40905999924058],[19.125189991299514,-34.39979999884967],[19.117429984364886,-34.38569000260462],[19.09056998497272,-34.36328999840132],[19.047079988126196,-34.342189999002706],[19.015439979624773,-34.347469998142024],[18.999369984325924,-34.34364000127569],[18.96461998604999,-34.36297000060687],[18.933999985093774,-34.35591000222976],[18.911289980702854,-34.35768000372704],[18.895149974196155,-34.37072999947224],[18.87440999069723,-34.36913000002052],[18.857149979251037,-34.376499997127894],[18.8271499782975,-34.37609999743367],[18.815129980327843,-34.36427999520767],[18.809539980868788,-34.348669996992555],[18.829009978859236,-34.34555000127365],[18.8131599835626,-34.31179999857144],[18.81190997667477,-34.29876999785119],[18.828499982037414,-34.276550002147815],[18.845814980610125,-34.26959000220872],[18.86542998023577,-34.26410999984228],[18.880229980553572,-34.24817999627914],[18.875339981781988,-34.229400002621055],[18.89292998297466,-34.23428000111934],[18.899439991390608,-34.216860002308344],[18.92024997957833,-34.21218999769599],[18.930709369379656,-34.20352786635186],[18.941849984779353,-34.18889000105539],[18.96247998895419,-34.177720000736876],[18.980269983364444,-34.1549899937542],[18.963819986604356,-34.15294000178918],[18.96605499418096,-34.14071500692255],[18.943899984856852,-34.138240000387384],[18.966836616907006,-34.102373989153385],[19.004824207707962,-34.07556685746313],[18.98460602456221,-34.03589974323099],[18.970393758481443,-34.08306234811906],[18.963637074467208,-34.076386892898746],[18.96961400265684,-34.04972003948129],[18.969941198803372,-34.02145345413881],[18.943709984165213,-34.003720002713294],[18.92739998452683,-33.99993999734484],[18.92272997945098,-34.0138599963174],[18.885580035709257,-34.02730060030306],[18.84183998204868,-34.04711000157533],[18.818949978343152,-34.03971000163633],[18.80504942142997,-34.05217308304565],[18.792269979002292,-34.05337999700356],[18.76624998740963,-34.04370999842662],[18.744429982254573,-34.02482000098423],[18.74194998220444,-34.01349999707512],[18.751769977609854,-34.00532000069386],[18.737729975815625,-33.989299990205254],[18.74068506553223,-33.984127012311575],[18.729179998898385,-33.96747639122716],[18.73981189495118,-33.932825768723106],[18.71080998026341,-33.921168996125296],[18.717250974568564,-33.89847199908261],[18.75325989170593,-33.88506341750873],[18.745719981601518,-33.87394999938278],[18.74579497923989,-33.86028000308585],[18.75311497868408,-33.849985000858645],[18.75286997928629,-33.83441999913078],[18.789747955134068,-33.82010620110138],[18.78476514240624,-33.80363753070675],[18.796239981448217,-33.79816000252703],[18.809769978895435,-33.78133000048412],[18.787650977704306,-33.76668299759262],[18.810099983329327,-33.75776000050611],[18.8094599790747,-33.74078000076558],[18.83299997778019,-33.738170000184546],[18.818199978166657,-33.72230999185778],[18.821989980623258,-33.70830000102888],[18.794589975073862,-33.706830001987846],[18.79370998234667,-33.679429996997264],[18.80214997907888,-33.673724999019925],[18.822226610470988,-33.64183261337952],[18.787539975844048,-33.63763000000797],[18.778149974734713,-33.64910999905338],[18.76321998157036,-33.64892000084866],[18.7597999760181,-33.6655749907029],[18.751999975582468,-33.67683000294848],[18.736729988164235,-33.6870300010952],[18.711869980199136,-33.67586999997798],[18.692669966403102,-33.68127000071764],[18.689739975555415,-33.66523000914361],[18.655164980603274,-33.63428000415177],[18.644954859288255,-33.63573639667095],[18.62699997591396,-33.62458999933086],[18.622079975516044,-33.614549999086904],[18.617993736203502,-33.584358863996066],[18.605899973168583,-33.58551999994729],[18.57436997645516,-33.57350000217031],[18.56858997324095,-33.56208999027358],[18.579959976184035,-33.55772000221445],[18.576419974597567,-33.53147999556841],[18.564029971636327,-33.52349999710806],[18.536529976613863,-33.527110000585516],[18.52415997734908,-33.525229995814634],[18.52450997724704,-33.503639998208016],[18.49574996880523,-33.48112999801974],[18.455434971533226,-33.47129999699385],[18.439897968463004,-33.49790799812133],[18.426162971038835,-33.5111829964915],[18.402459970338125,-33.51430499687116],[18.388819967815547,-33.50890999886868],[18.369149966337194,-33.52529000069655],[18.36038997219912,-33.548879998815785],[18.3413199665631,-33.55858999636908],[18.343039975051425,-33.5706299999455],[18.323489968693934,-33.575439994854555],[18.310089963693944,-33.5679600014464],[18.311909970664683,-33.540919995149],[18.32124996511663,-33.5158300044405],[18.30349996896607,-33.47829999681957],[18.27439996680943,-33.445239997101204],[18.25504997101013,-33.42674999911129],[18.21226996499149,-33.39453999882125],[18.16603995792062,-33.36860999945302],[18.14849996387632,-33.35355999597831],[18.160089968527824,-33.343149996587876],[18.156159972565302,-33.320629997146256],[18.135679966317102,-33.28181999597467],[18.106489963261765,-33.24069999603279],[18.07855996443999,-33.210009993444984],[18.051039964449323,-33.184139998822005],[18.003669962643848,-33.14768999580727],[17.97632996221784,-33.14144999361566],[17.97171996146626,-33.11636999373675],[17.95526995581811,-33.110570000430144],[17.979969961213293,-33.08874999653413],[17.97221995985037,-33.06773999812315],[17.99668995849664,-33.072099995308],[18.013399958417697,-33.10665999497147],[18.015659950808224,-33.12283999395884],[18.03114996305634,-33.13096999807394],[18.023269961141956,-33.142349999938396],[18.059109963569146,-33.1677199960906],[18.06535996360599,-33.176179995916954],[18.09038996477092,-33.19013999597985],[18.09657996018816,-33.20469000082758],[18.119269960275172,-33.19576000535695],[18.123919961388385,-33.18045000926048],[18.10452996572687,-33.18041000118295],[18.0846999607121,-33.17380000217933],[18.09480995912163,-33.15640000693238],[18.09009996176926,-33.1425499963746],[18.060079965009734,-33.12905999936609],[18.04760995910627,-33.11460999954131],[18.034849951161057,-33.107489998014266],[18.027909955684006,-33.084279996018104],[18.040239960892354,-33.06892000089396],[18.042679961282676,-33.04867999926124],[18.030099959399603,-33.02385999984576],[17.992749958077695,-32.99716000368883],[17.96817996029896,-32.996209999443565],[17.946139955263224,-33.006029995093904],[17.947999955059178,-33.02111999846284],[17.934749955148128,-33.029189998105025],[17.93866995996017,-33.03769999637571],[17.91108995404702,-33.051759994890034],[17.891439957458065,-33.028639992824026],[17.903499962971267,-33.02073999485569],[17.900129956296688,-33.00898999665967],[17.877269953958386,-33.00132999599428],[17.871489964891023,-32.9927599984918],[17.885889958385235,-32.97930999443607],[17.8865399527639,-32.94786999821707],[17.878779953115334,-32.91898999662772],[17.85795995171003,-32.905519996224974],[17.878729954801905,-32.885409995637424],[17.884659956083897,-32.87090999689156],[17.880549954007844,-32.853669997822024],[17.8454399626473,-32.82649999829525],[17.893799954804912,-32.80677000097953],[17.90527995439919,-32.79647999477075],[17.908029945916795,-32.7827600074744],[17.896989954789294,-32.740649993887686],[17.90975995338098,-32.73615999643828],[17.930479957157853,-32.719819995011115],[17.957649957443152,-32.71808999514097],[17.968119955966515,-32.70428000058803],[17.979309960288106,-32.70488999353578],[17.978569956577612,-32.72542999740086],[18.0152699570788,-32.740419995815586],[18.01407995522501,-32.749929990877],[18.027569961024174,-32.7557099957773],[18.060349963699075,-32.78353999497405],[18.084489958369204,-32.776669995219],[18.092629960879393,-32.78054999873189],[18.124804964126124,-32.77778499844814],[18.138909967499018,-32.773259995214005],[18.161499961326506,-32.758679995105624],[18.19781996456337,-32.71608999582251],[18.23271996888279,-32.69184999755762],[18.259799968584694,-32.66183999956045],[18.279429969260434,-32.633229996295455],[18.304699960146085,-32.58614999999497],[18.320319963814935,-32.547780006932584],[18.33237997174901,-32.49335000235949],[18.334489966361936,-32.44294999754843],[18.332419972914913,-32.41298999812285],[18.325729979527363,-32.371289998018355],[18.318069969521257,-32.343000002642306],[18.3142299679402,-32.316519998413746],[18.334799966018117,-32.31606000109532],[18.34464997302452,-32.290389996130806],[18.342219970354428,-32.265699996924226],[18.324059969009117,-32.20954999952752],[18.322029966988982,-32.19421999802434],[18.310309971350076,-32.17262000179841],[18.300399967982795,-32.09601000105706],[18.313929965800497,-32.08356999912367],[18.30795997167272,-32.051999994003616],[18.293229966775403,-32.02210000081427],[18.290266964321354,-32.006652998387196],[18.282369967009387,-31.995479999171817],[18.286759965859336,-31.9866000018139],[18.2654599556425,-31.93403999485431],[18.274909968843307,-31.929789994420922],[18.280079963521484,-31.898169999014566],[18.27433996783859,-31.88106999803944],[18.258869968484074,-31.85447000012822],[18.233589963989175,-31.820710007153615],[18.228919974826184,-31.79936999602172],[18.230689967071033,-31.787240001957198],[18.221759963520494,-31.762489997603748],[18.222789961476682,-31.74431999880093],[18.155989963418627,-31.657320000857087],[18.147209963828118,-31.640130000392208],[18.131819966268864,-31.621529998360774],[18.12743996389666,-31.608059998933314],[18.115499959408393,-31.597759993756014],[18.117869964387804,-31.586259990994154],[18.09782995675625,-31.55937999589621],[18.06619996301578,-31.527400000115122],[18.042489962612702,-31.509799994258223],[18.03255995467249,-31.492790000983238],[18.0209499549414,-31.48442000043186],[17.995069954318236,-31.456639999687706],[17.982059958056688,-31.437109996909527],[17.94588995903814,-31.402239995955608],[17.924009956493183,-31.37111999885279],[17.900439955576854,-31.352060000269844],[17.899649953390263,-31.34378999693317],[17.878449956331995,-31.31938998598809],[17.882419951358965,-31.302040006220718],[17.877319952107715,-31.278769998615967],[17.85715995214463,-31.250920002921315],[17.79728994964749,-31.202089994557255],[17.783709952960248,-31.180599995055683],[17.773269949172843,-31.172509999587632],[17.75757995168291,-31.15196999617237],[17.834419950655253,-31.17651999647164],[17.811319952017072,-31.092539996711363],[17.835199954014037,-31.072619995356675],[17.87862995718495,-31.04052999321171],[17.926409953898954,-31.01139000029617],[17.909419951945804,-30.98750999852516],[17.877919955914294,-30.94864999752531],[17.88029995134669,-30.92393999594177],[17.91403995415876,-30.92465999291938],[17.93438995796882,-30.91736000040676],[17.972079960954325,-30.913869997301003],[17.99337995630288,-30.91874000097728],[17.994839956384453,-30.819219996654773],[18.006478961216,-30.791239993002108],[18.057919956143838,-30.77688999818451],[18.089179957453165,-30.787869993559834],[18.139619967948068,-30.827969996160846],[18.16917996770453,-30.848559996950016],[18.19037096082183,-30.834748001320687],[18.20582996832049,-30.831329996327945],[18.195239965823088,-30.816019999185198],[18.213539964447033,-30.8104399894532],[18.251819967711327,-30.82754000004644],[18.26416996561293,-30.81831999190334],[18.314049959817364,-30.741980001278833],[18.371039968200435,-30.659629994612384],[18.371149972672903,-30.592089997753963],[18.413759968897903,-30.52734999757152],[18.38054997273323,-30.459639995076216],[18.444089972819317,-30.511289998131637],[18.522249974655356,-30.60649999415905],[18.483619967323676,-30.52190999311338],[18.502149973487803,-30.444420000388327],[18.570119977020486,-30.43025999586991],[18.655149517309173,-30.556709297331714],[18.758710838609503,-30.567869184342985],[18.7958699764886,-30.624860002681363],[18.79450032948142,-30.667619703993598],[18.862970331685556,-30.717119215463082],[18.95148001872323,-30.744439828596946],[18.96046998158002,-30.866109998421194],[18.875389989093527,-30.88705999881267],[18.924159984004355,-30.91599999868658],[18.984489983627153,-30.945810001536405],[18.911769991144002,-30.978929996220074],[18.90346998308553,-31.041779993440507],[18.912339976863176,-31.06082999484746],[18.947599985667747,-31.11291000297374],[18.94970998250028,-31.19588000533195],[18.9444599839655,-31.237319997276522],[18.966419979067286,-31.28449000229886],[19.013009984887628,-31.305680001984026],[18.980129984116026,-31.355239988987798],[19.012359983391534,-31.370059999580317],[19.030879981798698,-31.38953999334205],[19.03065998314192,-31.41538999841517],[19.042989982320123,-31.42496999860625],[19.036859984976747,-31.464270000725623],[19.024639980512113,-31.48208999914472],[19.019679983255912,-31.499250003332335],[19.041789981368886,-31.518540001070665],[19.06745997892228,-31.517949989731964],[19.08541998706132,-31.526930000274643],[19.051789984353253,-31.572679995668754],[19.085399980810976,-31.572049989409138],[19.09051998450103,-31.597779999413824],[19.070509981061143,-31.624050002466657],[19.079029989839803,-31.64319999985238],[19.073719985259668,-31.666869999407186],[19.054899984161665,-31.67026999945622],[19.065559986616943,-31.706309998488862],[19.0768599867015,-31.71849999619272],[19.094659979735397,-31.750209999728973],[19.06666998426301,-31.765800003644276],[19.065009982647222,-31.77839999747893],[19.086269986000822,-31.79447999897214],[19.05471998326717,-31.81600999970188],[19.04677998379981,-31.82948999783714],[19.030459979927034,-31.833619998023853],[19.034409984307576,-31.859609999728153],[19.02621998395032,-31.876639997898128],[19.053499981131477,-31.879030000182134],[19.08988998607009,-31.895129995077422],[19.109349986583027,-31.898129999031177],[19.118119985844977,-31.907139996688617],[19.14244998695253,-31.912080001069594],[19.158799986427198,-31.899500001255362],[19.172319987762005,-31.909770001978288],[19.19967998468966,-31.904770001169485],[19.210709985693107,-31.948039995818213],[19.24406998551281,-31.913859999169354],[19.289679982531307,-31.863039997278214],[19.279839986894334,-31.922000000675983],[19.264839987119423,-31.96573999286249],[19.277509989518897,-31.97970999735794],[19.28986998944038,-31.96510500050722],[19.32334998377591,-31.984800000236767],[19.329779985024683,-32.01257999812163],[19.353049983877455,-32.02792500238974],[19.362969983128856,-32.04284000176599],[19.380439988593526,-32.03756000219282],[19.39584998411064,-32.0151100022629],[19.425909989401912,-32.03129999498222],[19.466709983813253,-32.07181000413617],[19.486129991716176,-32.076179998789414],[19.487959988350834,-32.091540011543096],[19.48335998645169,-32.11366999974007],[19.488529988856524,-32.12119999913547],[19.507499991163872,-32.08609000373464],[19.515189994615106,-32.11519999975145],[19.508339991319314,-32.125899997827126],[19.491089993751164,-32.130069997142925],[19.47521999331429,-32.146289987305266],[19.48403999158984,-32.16159000105509],[19.501389987006153,-32.17986999859421],[19.4927099884543,-32.19856999783452],[19.50224999318164,-32.20539999805105],[19.486239988403508,-32.233889998188324],[19.491499988829045,-32.25237000543256],[19.409079990187305,-32.29007999722855],[19.43019999229649,-32.36570999834887],[19.444359987945532,-32.38994999981529],[19.452269990159063,-32.39680000235814],[19.47977998713945,-32.44133999807567],[19.496369991806343,-32.47481999720804],[19.507099990200505,-32.47314000517933],[19.516169991201313,-32.4861000003631],[19.494969988523604,-32.49893999968933],[19.48680499147861,-32.56543999554643],[19.499169990490813,-32.6120899966092],[19.52824998520707,-32.67323999755122],[19.58723999348845,-32.64778000263594],[19.604949989640456,-32.62945999785065],[19.61199998692388,-32.566549997637956],[19.607119989046733,-32.54538000026209],[19.626469992419313,-32.50204000072515],[19.62184999473506,-32.47062000014535],[19.654869991078225,-32.43877999975031],[19.679739991336895,-32.46350999837024],[19.730239992862742,-32.44235999961805],[19.707389991831686,-32.42030999818457],[19.731309992285254,-32.410129996401835],[19.736619994975314,-32.385519999756625],[19.764129986612467,-32.41112000717602],[19.802699993446815,-32.39370000136504],[19.817800002574728,-32.36071999627962],[19.849489996492586,-32.3662300014894],[19.87388998772933,-32.38320000163368],[19.937489995772367,-32.377279997468804],[19.968169992817202,-32.35050000157516],[20.00444999295444,-32.32993000340453],[20.038619992454034,-32.29644000236264],[20.053609993689694,-32.25231000098817],[20.085009996255568,-32.24826000385886],[20.096959997517306,-32.25023999844495],[20.10926998991596,-32.230140000424306],[20.11898999630878,-32.20697000242391],[20.135909989199362,-32.19231999742018],[20.15182999653889,-32.18651999488844],[20.180919991956603,-32.18454999483448],[20.166359995649472,-32.22749000390895],[20.240839997722656,-32.22418999610013],[20.24624999841873,-32.25257000061636],[20.254169992986412,-32.310849998586676],[20.21602999959775,-32.30315999454637],[20.16351999846832,-32.35102000552029],[20.170449996121768,-32.38086999665216],[20.13201999528951,-32.421120002380825],[20.07968999763706,-32.39749999350184],[20.0964099929363,-32.476679998094156],[20.09680999444881,-32.502959996322055],[20.122789991998445,-32.5569800040396],[20.11472299135739,-32.57022500133957],[20.13689499264968,-32.61097999860361],[20.141189996360943,-32.643739995847525],[20.18140999345156,-32.668099999956475],[20.191719994339728,-32.68575999999668],[20.187609991699002,-32.752670002735286],[20.219039997825625,-32.78473999455094],[20.257289994679553,-32.79965999952038],[20.299899991569067,-32.80495999862029],[20.34164999873664,-32.857809995602494],[20.357169988866932,-32.8640799982784],[20.363859996025294,-32.885949993582734],[20.363879994486823,-32.91081000391132],[20.380049994672333,-32.901849999512294],[20.43859999118227,-32.940060004025085],[20.434679995637058,-32.97192000316758],[20.42781999454743,-32.9793999966773],[20.394959998931064,-32.99323999402943],[20.383749999045357,-33.03628000023797],[20.334259997857885,-33.03578999971118],[20.30254999414354,-33.06799999268488],[20.27904999640072,-33.063889998986824],[20.318489996193133,-33.120889995441736],[20.30643999481967,-33.15933999922268],[20.251249991212994,-33.149909996914914],[20.202179993260593,-33.17010999737497],[20.257969994364895,-33.18844999124852],[20.243979991833452,-33.23648000012991],[20.24711999336804,-33.2457899989242],[20.23561999733627,-33.262419996752655],[20.251179995611306,-33.291510000944925],[20.20350999424923,-33.30273999674043],[20.239459991589232,-33.30991998860487],[20.209169996116316,-33.3797999968365],[20.36803999468867,-33.36627000016356],[20.366289998337393,-33.38164000083224],[20.353740001014323,-33.39405999924326],[20.335609984941957,-33.425640000897715],[20.389789995567124,-33.424049999700756],[20.41668999604037,-33.43552000103392],[20.419819999347208,-33.45297000318438],[20.38607999324636,-33.45917000340667],[20.336219995852996,-33.48781999127307],[20.394949992224234,-33.48080000275253],[20.498019993710862,-33.46387000281696],[20.501660000209213,-33.498459998187826],[20.47562999484081,-33.51343999755837],[20.47819999480892,-33.52778000076172],[20.547599994232428,-33.51951999596441],[20.54936999452149,-33.52870000292456],[20.57712999891829,-33.52809999875221],[20.57434999655247,-33.538760003269864],[20.503258993718916,-33.63700000183499],[20.581589994001696,-33.62212000087703],[20.58617999639467,-33.66723999901286],[20.645450000892893,-33.6362000112804],[20.666019998416584,-33.621970003675706],[20.718920001029446,-33.64061999720414],[20.77557999473379,-33.69164999947767],[20.807199999721306,-33.68974999934261],[20.809500000061107,-33.698539995554086],[20.80025999595612,-33.7150099986623],[20.885019997726477,-33.71738000281557],[20.879929996800726,-33.692610002755494],[20.938800001173743,-33.69983000287483],[20.934119998042156,-33.72464001210197],[20.965679996030904,-33.74262999585606],[20.980630000301037,-33.739609997063496],[21.010339997047968,-33.75656000077701],[20.96558999553752,-33.80428000178247],[20.956759998249776,-33.80627000254944],[20.943379998168336,-33.851870002304146],[20.9360599993784,-33.87914999671225],[20.9238399977489,-33.88926000372227],[20.95234999453317,-33.90177999851092],[20.938750001731435,-33.924969996754044],[20.934039995289705,-33.947620002559745],[20.878180000448754,-33.96399999819296],[20.867770000958224,-33.95499000061491],[20.83378999810674,-33.97133000291586],[20.81641999789344,-33.94023000214803],[20.80657999911557,-33.94641999582934],[20.707269999498276,-33.95512000101555],[20.697769994861194,-33.972980001320146],[20.71015999763018,-33.98848000328267],[20.728949998453835,-33.98835999949052],[20.729619996640025,-34.01812000264229],[20.69400999345923,-34.006780003261795],[20.699879998243883,-34.039729997779126],[20.72273000116871,-34.03676999593436],[20.72859999754183,-34.05750999626068],[20.74035999451581,-34.071300001912256],[20.7542999974433,-34.09724999667131],[20.690989995476663,-34.08909999719004],[20.660519999747798,-34.08900999686786],[20.640099998843194,-34.085960004039606],[20.639340000295864,-34.097649997030636],[20.647359999544513,-34.10924000110609],[20.642059996783757,-34.13528000280292],[20.64966999832463,-34.14906000430969],[20.654270001093167,-34.17137999770247],[20.664949999562648,-34.18847999894526],[20.696929995140017,-34.18435000835953],[20.718930006609607,-34.19548999655137],[20.699569997984522,-34.21318000398005],[20.69276999379688,-34.20243999845998],[20.65281999815011,-34.22356000200105],[20.639239993881016,-34.234280001867205],[20.637709997683167,-34.24290999606692],[20.599379997759094,-34.27291000386189],[20.574669994975178,-34.28342000222331],[20.578809999216443,-34.2951899976303],[20.59129999241129,-34.304250001837666],[20.617759999471676,-34.30267999721666],[20.622339997022774,-34.31324999280771],[20.607189995607953,-34.3217399956984],[20.59628999512965,-34.347969997053404],[20.62243999463323,-34.343590010543814],[20.6477100010311,-34.35489000283543],[20.65748000488393,-34.3483999988045],[20.68337999265937,-34.34666999916716],[20.69070999759692,-34.358700004212565],[20.706639994191104,-34.36400999729297],[20.735050001056056,-34.38768000298576],[20.769579999168798,-34.39562000215817],[20.801319996218137,-34.4081600019506],[20.819994997566013,-34.40130000101224],[20.84996299905652,-34.40340599811607],[20.856579996246552,-34.42196999658392],[20.869569995977013,-34.429229998358046],[20.871390002266786,-34.452439999861475],[20.848379996499382,-34.47234999724975],[20.820409998107138,-34.4718899998739],[20.781219993481688,-34.460919997146554],[20.752950001451346,-34.45633999972725],[20.69111999615169,-34.45026999963156],[20.646719995621446,-34.44995000080491],[20.58114999308883,-34.45815000086587],[20.533409995114145,-34.469999997581866],[20.47608999997619,-34.492329998157736],[20.444939999706552,-34.51075999861796],[20.427719996726793,-34.52643999961166],[20.40723999826523,-34.563430002336695],[20.389689998365167,-34.57309999982902],[20.34239000169296,-34.593179998453614],[20.32755999816305,-34.61090000000546],[20.295279994122193,-34.625400005461664],[20.25883999725191,-34.638289999147496],[20.239379997916142,-34.65219000113629],[20.232839987000155,-34.66178000559822],[20.232589992244034,-34.68962000365944],[20.2166299860822,-34.688040000953244],[20.162939991032946,-34.697499997031116],[20.122749997930864,-34.71293999404463],[20.07977999487529,-34.736510002173915],[20.05752999634283,-34.75724000374603],[20.048159992286113,-34.77360000201607],[20.046679995160506,-34.78831000137886],[20.063769998605533,-34.80600000079139],[20.053689994448344,-34.81423000312631],[20.03425999709653,-34.81487999683287],[20.027929995844953,-34.82430999858301],[20.00811999719967,-34.83204000303654],[19.989179992011028,-34.83337000261072],[19.973719990529705,-34.82456000205803],[19.94083999074161,-34.81423000326103],[19.927659993985404,-34.800289998470255],[19.90387999100024,-34.78437999962053],[19.890059989780863,-34.78216999867379],[19.87222999322276,-34.76589999967928],[19.85050999338304,-34.76886999956574],[19.82320999466038,-34.76244999843677],[19.798349994397032,-34.76784999946288],[19.77613998869029,-34.76435999743397],[19.753759989254235,-34.770900000860046],[19.724736995736947,-34.76724899889344]]],[[[18.089309960483682,-33.41341999692633],[18.096959963525062,-33.425549999281415],[18.089319959001315,-33.43387999931207],[18.073649964126894,-33.41719999486311],[18.089309960483682,-33.41341999692633]]]]},"properties":{"Union":"Boland"}},{"type":"Feature","geometry":{"type":"Polygon","coordinates":[[[22.354570000154688,-34.05443000009673],[22.298150003051735,-34.05119000127446],[22.27087000105049,-34.05267999632362],[22.234469995292258,-34.058169997157265],[22.202159996092835,-34.0675099992638],[22.159529997543533,-34.08413999599246],[22.12594999558022,-34.114929998300596],[22.11264999706536,-34.14136000182171],[22.11271999282534,-34.16473999711818],[22.156259995038504,-34.18095999740967],[22.14255999679312,-34.19614999768365],[22.0893899965873,-34.20928000386742],[22.07346000076073,-34.205610001842395],[22.048150001138982,-34.205909995565115],[22.01033999529299,-34.2110600015968],[21.96467000807869,-34.224800002255684],[21.932249998615124,-34.24513000288442],[21.917730003223802,-34.26064000273325],[21.912240001928048,-34.27368000121741],[21.914990002730196,-34.29107999613893],[21.93628998890202,-34.29442999863206],[21.930929996233974,-34.30416999976174],[21.91154999982649,-34.315749997839625],[21.904850000006462,-34.324879997128114],[21.90414000076385,-34.3443500017004],[21.88696999642532,-34.34357999696589],[21.88408999592711,-34.35326000207414],[21.870990001730263,-34.362870002944796],[21.85719998709935,-34.36336000215806],[21.83550000091353,-34.375240000861396],[21.755269996689197,-34.38681999924017],[21.73504000192639,-34.394210000695544],[21.696249997140836,-34.39499000440461],[21.676079998479867,-34.388689997271754],[21.634919989319467,-34.38107000504624],[21.578570002129823,-34.362809997767854],[21.552269998973475,-34.36121999711451],[21.53569999841456,-34.356370000143734],[21.511589998479746,-34.35956999765261],[21.491349996647163,-34.36638999925972],[21.450089997880056,-34.367540000233035],[21.422569998681073,-34.3795600049754],[21.413130007232773,-34.40135999783219],[21.38778999756554,-34.40849999717248],[21.373529995918123,-34.42231000699314],[21.354249988922152,-34.4193899993299],[21.33287999891116,-34.434640005123356],[21.320089995502805,-34.43122999674667],[21.311049996106924,-34.43786000013709],[21.290709995061587,-34.43676999715704],[21.2457900012771,-34.41952999682135],[21.219889997490625,-34.41635001103448],[21.207089996166822,-34.40674000232156],[21.182510001985417,-34.39754999826535],[21.1343199978561,-34.38354999698539],[21.085079999945638,-34.37458000115417],[21.037629997508144,-34.37076000207317],[21.001179994529362,-34.364950002720335],[20.933440001280413,-34.36599999754633],[20.904079996526782,-34.37254999864416],[20.88080999743348,-34.38209000448021],[20.84996299905652,-34.40340599811607],[20.819994997566013,-34.40130000101224],[20.801319996218137,-34.4081600019506],[20.769579999168798,-34.39562000215817],[20.735050001056056,-34.38768000298576],[20.706639994191104,-34.36400999729297],[20.69070999759692,-34.358700004212565],[20.68337999265937,-34.34666999916716],[20.65748000488393,-34.3483999988045],[20.6477100010311,-34.35489000283543],[20.62243999463323,-34.343590010543814],[20.59628999512965,-34.347969997053404],[20.607189995607953,-34.3217399956984],[20.622339997022774,-34.31324999280771],[20.617759999471676,-34.30267999721666],[20.59129999241129,-34.304250001837666],[20.578809999216443,-34.2951899976303],[20.574669994975178,-34.28342000222331],[20.599379997759094,-34.27291000386189],[20.637709997683167,-34.24290999606692],[20.639239993881016,-34.234280001867205],[20.65281999815011,-34.22356000200105],[20.69276999379688,-34.20243999845998],[20.699569997984522,-34.21318000398005],[20.718930006609607,-34.19548999655137],[20.696929995140017,-34.18435000835953],[20.664949999562648,-34.18847999894526],[20.654270001093167,-34.17137999770247],[20.64966999832463,-34.14906000430969],[20.642059996783757,-34.13528000280292],[20.647359999544513,-34.10924000110609],[20.639340000295864,-34.097649997030636],[20.640099998843194,-34.085960004039606],[20.660519999747798,-34.08900999686786],[20.690989995476663,-34.08909999719004],[20.7542999974433,-34.09724999667131],[20.74035999451581,-34.071300001912256],[20.72859999754183,-34.05750999626068],[20.72273000116871,-34.03676999593436],[20.699879998243883,-34.039729997779126],[20.69400999345923,-34.006780003261795],[20.729619996640025,-34.01812000264229],[20.728949998453835,-33.98835999949052],[20.71015999763018,-33.98848000328267],[20.697769994861194,-33.972980001320146],[20.707269999498276,-33.95512000101555],[20.80657999911557,-33.94641999582934],[20.81641999789344,-33.94023000214803],[20.83378999810674,-33.97133000291586],[20.867770000958224,-33.95499000061491],[20.878180000448754,-33.96399999819296],[20.934039995289705,-33.947620002559745],[20.938750001731435,-33.924969996754044],[20.95234999453317,-33.90177999851092],[20.9238399977489,-33.88926000372227],[20.9360599993784,-33.87914999671225],[20.943379998168336,-33.851870002304146],[20.956759998249776,-33.80627000254944],[20.96558999553752,-33.80428000178247],[21.010339997047968,-33.75656000077701],[20.980630000301037,-33.739609997063496],[20.965679996030904,-33.74262999585606],[20.934119998042156,-33.72464001210197],[20.938800001173743,-33.69983000287483],[20.879929996800726,-33.692610002755494],[20.885019997726477,-33.71738000281557],[20.80025999595612,-33.7150099986623],[20.809500000061107,-33.698539995554086],[20.807199999721306,-33.68974999934261],[20.77557999473379,-33.69164999947767],[20.718920001029446,-33.64061999720414],[20.666019998416584,-33.621970003675706],[20.645450000892893,-33.6362000112804],[20.58617999639467,-33.66723999901286],[20.581589994001696,-33.62212000087703],[20.503258993718916,-33.63700000183499],[20.57434999655247,-33.538760003269864],[20.57712999891829,-33.52809999875221],[20.54936999452149,-33.52870000292456],[20.547599994232428,-33.51951999596441],[20.47819999480892,-33.52778000076172],[20.47562999484081,-33.51343999755837],[20.501660000209213,-33.498459998187826],[20.498019993710862,-33.46387000281696],[20.394949992224234,-33.48080000275253],[20.336219995852996,-33.48781999127307],[20.38607999324636,-33.45917000340667],[20.419819999347208,-33.45297000318438],[20.41668999604037,-33.43552000103392],[20.389789995567124,-33.424049999700756],[20.335609984941957,-33.425640000897715],[20.353740001014323,-33.39405999924326],[20.366289998337393,-33.38164000083224],[20.36803999468867,-33.36627000016356],[20.209169996116316,-33.3797999968365],[20.239459991589232,-33.30991998860487],[20.20350999424923,-33.30273999674043],[20.251179995611306,-33.291510000944925],[20.23561999733627,-33.262419996752655],[20.24711999336804,-33.2457899989242],[20.243979991833452,-33.23648000012991],[20.257969994364895,-33.18844999124852],[20.202179993260593,-33.17010999737497],[20.251249991212994,-33.149909996914914],[20.30643999481967,-33.15933999922268],[20.318489996193133,-33.120889995441736],[20.27904999640072,-33.063889998986824],[20.30254999414354,-33.06799999268488],[20.334259997857885,-33.03578999971118],[20.383749999045357,-33.03628000023797],[20.394959998931064,-32.99323999402943],[20.42781999454743,-32.9793999966773],[20.434679995637058,-32.97192000316758],[20.43859999118227,-32.940060004025085],[20.499299984806918,-32.94162999305333],[20.561229996465592,-32.88096999848241],[20.592100000323054,-32.92646999873223],[20.59006999900202,-32.94298001287565],[20.621899997322224,-32.94314999900574],[20.650339998917687,-32.932270000522834],[20.731169998759146,-32.94499499485012],[20.744209996581972,-32.91288999575676],[20.79855999673812,-32.89475000010902],[20.832429996924333,-32.817370002704415],[20.83033999769714,-32.78457000157296],[20.792199997195038,-32.73503001149174],[20.78983999906902,-32.711230002967],[20.822849996268122,-32.69454000017791],[20.84410000138101,-32.6624399950294],[20.9627799976829,-32.63929999730749],[21.037309998586046,-32.64909999751676],[21.06028999417406,-32.65550000148976],[21.094469999972333,-32.65302999992705],[21.15697999518714,-32.628939993995715],[21.140110000634714,-32.58976999399781],[21.182079997716766,-32.50868000319248],[21.18830999647496,-32.50304999526883],[21.1974900017986,-32.49979999772629],[21.23108999821285,-32.46314999813707],[21.269479995050823,-32.450290000694615],[21.28151999905087,-32.4396799967816],[21.303010009331892,-32.402440002309376],[21.30150000541717,-32.37726999568062],[21.352839995275296,-32.39153999790269],[21.408399995333205,-32.36876999950341],[21.42987999784948,-32.37518000316463],[21.443649999938195,-32.354840003592635],[21.47564000133231,-32.33145000181776],[21.519079998725818,-32.33702999850654],[21.5503699969786,-32.32685999557996],[21.561809997723266,-32.314730001720676],[21.549004999870416,-32.29077499563712],[21.53600999934714,-32.22922001042261],[21.54890999646022,-32.228439998546726],[21.594429994254064,-32.21692999364688],[21.6065099970374,-32.209659989364965],[21.644579996989833,-32.20871000127128],[21.673770001026746,-32.24328999521237],[21.69164999429444,-32.24857000160721],[21.711370005606028,-32.22480999687116],[21.73588999876681,-32.20502000118833],[21.74604999632902,-32.225230002603915],[21.77299999755879,-32.22678999971017],[21.770249998467378,-32.23840999696819],[21.780619996130298,-32.25092999983446],[21.85510999718457,-32.27550999493523],[21.87416999661579,-32.276569996186005],[21.90165000376114,-32.270910002788504],[21.907439998380024,-32.252799998924694],[21.924600005608795,-32.26196000070899],[21.936205002450453,-32.222880004215085],[21.971240000631926,-32.21642999733957],[21.995920001592527,-32.20298000401982],[22.016439989401423,-32.114259995063925],[22.069559999391238,-32.081449999356416],[22.089650006038354,-32.14637999766911],[22.11995000030013,-32.07697000107018],[22.133959996358996,-32.06439000096687],[22.0935899998174,-32.04591999713025],[22.0741249947074,-32.01791500229399],[22.094980003344883,-32.001059998683836],[22.08923000069964,-31.974349999798527],[22.0713300025539,-31.939299997406604],[22.100399999412158,-31.92433999773022],[22.101439997956163,-31.898719995447625],[22.086050000353183,-31.879159998900782],[22.078860002280067,-31.854889996580777],[22.11586999913794,-31.862630002237356],[22.13150000115274,-31.884260000622373],[22.16659999887711,-31.89308999861417],[22.176880003005788,-31.820719997961966],[22.159860000121892,-31.8097399985868],[22.20627999949971,-31.79225000266847],[22.204009999589182,-31.764030002159434],[22.237379998164368,-31.702979999017536],[22.24987999948377,-31.664659997345694],[22.260100001457147,-31.662470001324323],[22.27291999946585,-31.592540000972576],[22.31229000180888,-31.58346000217899],[22.355140002587945,-31.605410004778445],[22.433249996820585,-31.638180001576274],[22.495760000986866,-31.670339996071924],[22.564814989526635,-31.677919994778836],[22.5661399960323,-31.713170000277977],[22.61907000309483,-31.724650001002313],[22.609400004654027,-31.739819998065045],[22.578340001015988,-31.80551000130495],[22.614919996719266,-31.8228700025994],[22.651529996722093,-31.821670001611142],[22.735100004358006,-31.79937999617515],[22.75749999843173,-31.827540000261592],[22.776879999290493,-31.85691000023367],[22.82529000084814,-31.837659997067274],[22.858970002087613,-31.81828999955633],[22.874719999106954,-31.86164000311793],[22.901950001082323,-31.87576999799847],[22.953819997043865,-31.862969997405497],[22.975830001715437,-31.860829998641652],[23.038710001138732,-31.87744999808155],[23.0673899998907,-31.890739995872416],[23.052260002487497,-31.910289989580637],[23.052589998849285,-31.93978000142448],[23.05866999791295,-31.954840002430263],[23.07089000483513,-31.95381000274467],[23.087619999390338,-31.972290000603305],[23.098489990736066,-31.977700002161217],[23.104349998330427,-31.960609999327993],[23.11883999676495,-31.96007000212486],[23.13944999468293,-31.951539998618728],[23.171159999106166,-31.918140003379936],[23.230369999059388,-31.87569000292984],[23.225030003807802,-31.854039997653285],[23.262359996401113,-31.815390000980905],[23.263440003439083,-31.778340000675566],[23.30241999987694,-31.730149999423606],[23.345110011130288,-31.710889997926312],[23.387099998769035,-31.714800002148035],[23.407089997452587,-31.713800000286977],[23.401729993596565,-31.699569999839074],[23.416450004846716,-31.672220002733066],[23.42314000452236,-31.682140002348905],[23.49610999710069,-31.70268999925912],[23.52388999926238,-31.705329997990997],[23.53547000369621,-31.691770001420316],[23.574530000384,-31.68916999683437],[23.59449000552009,-31.662250001154852],[23.619140001191674,-31.649430002691375],[23.63948000146824,-31.660099995979223],[23.688750000099166,-31.649599997364998],[23.715130000115934,-31.64704000436237],[23.73449000225843,-31.6545700046849],[23.756489996037956,-31.695710002197778],[23.77747000227014,-31.697059998189484],[23.815660000979257,-31.71415999642052],[23.841550002342164,-31.715060000582604],[23.847620002075697,-31.72921999671267],[23.80852000169247,-31.76365999830995],[23.837150002789294,-31.76790999774344],[23.837850002027196,-31.783339994426658],[23.87863000162033,-31.83368000499022],[23.894040004999066,-31.836779997958764],[23.915869997150445,-31.82199999801786],[23.917860000460657,-31.795360004143365],[23.948659998525187,-31.773330000955657],[23.95148000324084,-31.74896999267908],[23.96646000052365,-31.71542000180569],[23.963060001268072,-31.706670007150798],[24.046719998964747,-31.70667999431453],[24.029089999004707,-31.72197000198463],[24.028519996616016,-31.730170000774113],[24.043120001257556,-31.76732999662805],[24.05607999543665,-31.775960009396798],[24.07094000178568,-31.807089996716083],[24.102239998886965,-31.792580000260728],[24.152459995272217,-31.788609998403018],[24.15433001112328,-31.798309997082352],[24.183699996404613,-31.813279998846774],[24.179749997699805,-31.81939000035777],[24.154830001192714,-31.822480001920823],[24.1533200011584,-31.854910002866216],[24.123770000272938,-31.84721999932544],[24.108300001081414,-31.886139997391123],[24.105379999629687,-31.906850002398386],[24.138649994441003,-31.905439999621027],[24.147240003118384,-31.896949996694406],[24.164199996892943,-31.90241000307771],[24.197199990979453,-31.923489998438242],[24.18803999682631,-31.933629998647017],[24.20543000085191,-31.94168999214157],[24.222410000128704,-31.9556400007285],[24.183029997409655,-31.995939997348557],[24.193739999570216,-32.004830000213666],[24.174479996875494,-32.01994000138687],[24.140870001433225,-32.011709998337075],[24.128609998028065,-32.0412500005512],[24.141069997365673,-32.051359991972085],[24.12328999949167,-32.055929999351754],[24.10443000407229,-32.06763999697527],[24.109674996854107,-32.08428999918897],[24.13543999706819,-32.09785999693705],[24.135529996537976,-32.12314000104778],[24.117569999454936,-32.135219996429456],[24.112929996849733,-32.15093000044511],[24.100129995958067,-32.16400000038317],[24.038029999540072,-32.15813000358481],[24.04392999782171,-32.18194999876122],[24.030529994024434,-32.19347999793613],[23.985829999642217,-32.197829996999],[23.96114999913922,-32.20652000384139],[23.935239997296307,-32.231960003310476],[23.92095999913931,-32.233420002813595],[23.892299996908957,-32.25494999589683],[23.8644500010038,-32.248999998228186],[23.851080006874824,-32.24252000037278],[23.79785000089754,-32.19407000327295],[23.76622999808896,-32.178729996944746],[23.747070001005977,-32.20068001006665],[23.708169999802557,-32.21915000314828],[23.692409997239547,-32.233460004052816],[23.670450002382943,-32.23767000366974],[23.648870001974245,-32.29801999573529],[23.67836999576171,-32.32910999897413],[23.665149999392877,-32.34422999824973],[23.59177999687605,-32.34076999831856],[23.52359000413815,-32.32875999911169],[23.44895999827431,-32.32326999782573],[23.42465000155569,-32.35623999729899],[23.409850002061592,-32.389199998714055],[23.349259996455768,-32.36441000956717],[23.333050004282345,-32.351139997605735],[23.30732999932133,-32.39592000156476],[23.287215002949996,-32.40417500312658],[23.272139999887752,-32.40066000185092],[23.221610002603704,-32.425040000301074],[23.247540001973643,-32.46532999759969],[23.24447000367757,-32.5132299990781],[23.288155000550265,-32.55120999834212],[23.30728999776662,-32.61164999767997],[23.30130999785505,-32.65178999865836],[23.269569999713845,-32.67147999621167],[23.332859997492847,-32.70361000416024],[23.35349999976809,-32.729439995814786],[23.351600007295794,-32.763790002834895],[23.39773699682104,-32.76348000255111],[23.378620000476246,-32.825019995796985],[23.305169997372516,-32.80949999785921],[23.250410002453055,-32.78857999870917],[23.20110000958819,-32.78535500079119],[23.187469999136145,-32.767430001562175],[23.149329995919086,-32.766739997906875],[23.089350001249137,-32.79917999687454],[23.116420002363544,-32.857990003646684],[23.09800999826952,-32.873690008801844],[23.007439997016427,-32.87281999937564],[23.00368000409062,-32.898280002273474],[22.948750001154895,-32.950040001425975],[22.969250004051535,-32.99337000264102],[22.935210005205416,-33.0130400033628],[22.934089999560435,-33.021659999255164],[22.957849997540265,-33.04505999862683],[22.955310001331984,-33.073140000723164],[22.892269997716447,-33.1416300036615],[22.877208001618254,-33.1869039968218],[22.840220002647865,-33.220210001298554],[22.790259990890846,-33.307309995866596],[22.773929994588062,-33.30902999757332],[22.77338999591426,-33.32625999887361],[22.73926999623516,-33.323980002585124],[22.73574000087296,-33.394769998432956],[22.784499997321447,-33.41553000191149],[22.77443000013672,-33.41974000240183],[22.830250002673107,-33.4190800011787],[22.93478000260093,-33.42914000079744],[23.01539000160145,-33.4123800029316],[23.06637999587498,-33.40034000110948],[23.112889998970502,-33.400810004113154],[23.134800003739585,-33.387620000602006],[23.195330003469245,-33.386150002968826],[23.297124998344724,-33.38864000061923],[23.35487999839852,-33.441169997420076],[23.393369993882214,-33.44568999715567],[23.423253997193303,-33.44197100171039],[23.4676099977583,-33.44814000323307],[23.495619998459482,-33.44344001116036],[23.51417000058076,-33.46273999912263],[23.579030002521108,-33.4846799982774],[23.603999998995896,-33.496400002286315],[23.596199998733162,-33.5725200038101],[23.616870002803115,-33.570239998920165],[23.61988899687037,-33.59148299674391],[23.67498000036766,-33.62587001181879],[23.67044000396954,-33.6725599981307],[23.628779997356595,-33.66932999791273],[23.585900003427387,-33.672749995991154],[23.55652000301226,-33.651540001322495],[23.555529998239994,-33.67295999813895],[23.541670004143974,-33.68300999957909],[23.541270004075887,-33.699539999729794],[23.4753599984902,-33.71765999980756],[23.43994000197501,-33.71739000080717],[23.43006999969149,-33.76175999770129],[23.395039995569896,-33.79263999883789],[23.46804999868218,-33.80747999985054],[23.48905999818051,-33.80752999863219],[23.487989998804824,-33.79148999928283],[23.517920003615203,-33.78562000283464],[23.554015002829654,-33.7963549888005],[23.561949997534736,-33.82893999821117],[23.608060002078222,-33.83292999712948],[23.620269996933672,-33.843239999699115],[23.70329999885631,-33.86406000100001],[23.683049999304437,-33.883939996091556],[23.655229998100097,-33.88738999695985],[23.65361999972256,-33.9092100022991],[23.637480001656698,-33.91421000335453],[23.644710001437343,-33.92867999894381],[23.63696999768136,-33.93465000126381],[23.63458999591411,-33.95205000402916],[23.645900002444957,-33.962449997875716],[23.647019999881397,-33.980559999626045],[23.636129998280165,-33.98254000300009],[23.599060003224118,-33.98004999674978],[23.579859996847098,-33.984620003207716],[23.561899998687025,-33.98187000392947],[23.53619000101386,-33.989709996754556],[23.529369999556096,-33.99974000206228],[23.490890002806722,-34.00283000437341],[23.470409997025012,-34.002050001303196],[23.437879998041947,-34.00864000258172],[23.403759998181215,-34.02462000573026],[23.3844600022346,-34.04006000229221],[23.371509996246758,-34.07872000669288],[23.375519999414188,-34.09816000104507],[23.358360002313514,-34.10649999905369],[23.345319997002072,-34.10068000192139],[23.314389996674983,-34.10296999732202],[23.286390003554825,-34.10171999796264],[23.249230000997102,-34.09449999808279],[23.224789997011474,-34.086890004124484],[23.215309996299293,-34.08997999770777],[23.198210003785515,-34.08459000286836],[23.164119998022787,-34.08305000142126],[23.13839000241841,-34.08696999687474],[23.130309998308512,-34.08043000219195],[23.041810000095225,-34.08375000286148],[23.031750000394833,-34.076000001785985],[23.00856000323892,-34.07197000068203],[22.98829000568006,-34.07424999761798],[22.970259997030748,-34.08607000805852],[22.914280000367928,-34.06457999963513],[22.865400001335882,-34.0518799971359],[22.83834999600159,-34.04734000003691],[22.780119996904713,-34.02771999760774],[22.770545002259365,-34.027449998659634],[22.764479998797913,-34.03551999480643],[22.72410999899502,-34.022219999246836],[22.65217999933409,-34.00585000110924],[22.579310001895116,-33.9957500009518],[22.563649998332668,-33.99611000039381],[22.548769997038068,-34.00490999639775],[22.54173000352511,-34.016909998160976],[22.512140002195014,-34.02804999480783],[22.508349998204952,-34.03476999836131],[22.48463999830544,-34.05125999625841],[22.462579996760766,-34.04927000420006],[22.432709997396913,-34.0589699959461],[22.387370000009195,-34.05612999729943],[22.38063000100473,-34.061720004185105],[22.354570000154688,-34.05443000009673]]]},"properties":{"Union":"Badgers"}},{"type":"Feature","geometry":{"type":"MultiPolygon","coordinates":[[[[18.366069978473437,-33.7895899964319],[18.373829970683797,-33.79220998813771],[18.38156997283898,-33.80955999966904],[18.370749973903603,-33.82018000166622],[18.36070996990039,-33.81439999809139],[18.3566999656799,-33.801759999936415],[18.366069978473437,-33.7895899964319]]],[[[18.930709369379656,-34.20352786635186],[18.92024997957833,-34.21218999769599],[18.899439991390608,-34.216860002308344],[18.89292998297466,-34.23428000111934],[18.875339981781988,-34.229400002621055],[18.880229980553572,-34.24817999627914],[18.86542998023577,-34.26410999984228],[18.845814980610125,-34.26959000220872],[18.85592998264126,-34.25235000308725],[18.852769976509673,-34.23810000044889],[18.830369979915403,-34.216430000512894],[18.831819983798553,-34.20751999995024],[18.8186099833289,-34.1930999966384],[18.819729981325573,-34.18532999950705],[18.837819979676414,-34.17229999892427],[18.86811997400404,-34.16047999763313],[18.847489978568426,-34.14167000116367],[18.813379983703545,-34.101329996267644],[18.780449976163144,-34.0853599992229],[18.73894997991428,-34.07533000224121],[18.694659974904692,-34.07210999889943],[18.630789975981894,-34.07328999413756],[18.597439972443716,-34.077609998349615],[18.55027997361838,-34.08863999911766],[18.503069976650018,-34.09733999615351],[18.469089974410355,-34.109140009701484],[18.445429973703305,-34.13289000183192],[18.432149971318317,-34.140780001417085],[18.440009975192215,-34.149780000443464],[18.426409974612657,-34.177189995754176],[18.428419971954174,-34.19149999717462],[18.445809976872322,-34.192400001641296],[18.45618997445619,-34.200099995561914],[18.465709976679612,-34.222509998015674],[18.475429974654073,-34.23044999663727],[18.476399975099625,-34.25640000003164],[18.466719970110663,-34.26563998760469],[18.474849973862966,-34.2757600002388],[18.460689971467335,-34.310519997121936],[18.469799974135462,-34.33807999674009],[18.492459971385742,-34.352739999129774],[18.47579997119863,-34.358339996231344],[18.45321997607818,-34.336669995782266],[18.428669974906168,-34.33141000055145],[18.402199969243348,-34.309650001470764],[18.404879973929802,-34.303409992912336],[18.387599971972463,-34.27612999737758],[18.379459961782878,-34.272979998133046],[18.382019971727303,-34.25484999886203],[18.376519973116984,-34.2400599980756],[18.377709973886905,-34.22582000068359],[18.362839970040923,-34.184369995459846],[18.352069969832133,-34.17668000006156],[18.339299972429828,-34.17780999549292],[18.318329972738955,-34.14590999440254],[18.33910997333103,-34.1273299975967],[18.351149968630846,-34.12577999798368],[18.35694996978862,-34.110380001871306],[18.355229967885478,-34.07675999132932],[18.368769971849552,-34.06270999971715],[18.361999969019895,-34.04912999567567],[18.349689968442775,-34.04648000159446],[18.340739967661996,-34.061539996096506],[18.31062997092077,-34.04329000189706],[18.31742996726478,-34.03002999528303],[18.32929996794282,-34.02518000001214],[18.341589966268007,-34.00830999813207],[18.343989973335997,-33.99336000080283],[18.369799969762365,-33.974599987718804],[18.378019973398494,-33.94661999855368],[18.375319972354728,-33.928029995024275],[18.39825996774987,-33.900880001015956],[18.41272997259751,-33.899119998567194],[18.440059974236025,-33.92038000766148],[18.453809972003842,-33.91187999845966],[18.47193997216382,-33.90807999714673],[18.48773997565891,-33.8791600017897],[18.488699970090067,-33.851910001520096],[18.475749971408476,-33.82116999978059],[18.449769973545383,-33.78181999963455],[18.435499974046873,-33.73600999809392],[18.444199971398547,-33.719969997908926],[18.437959970195394,-33.69256000264043],[18.42023996856937,-33.657600002106385],[18.395559967132225,-33.62335999996061],[18.376609971958942,-33.61772999951223],[18.355019972945623,-33.57855999937124],[18.343039975051425,-33.5706299999455],[18.3413199665631,-33.55858999636908],[18.36038997219912,-33.548879998815785],[18.369149966337194,-33.52529000069655],[18.388819967815547,-33.50890999886868],[18.402459970338125,-33.51430499687116],[18.426162971038835,-33.5111829964915],[18.439897968463004,-33.49790799812133],[18.455434971533226,-33.47129999699385],[18.49574996880523,-33.48112999801974],[18.52450997724704,-33.503639998208016],[18.52415997734908,-33.525229995814634],[18.536529976613863,-33.527110000585516],[18.564029971636327,-33.52349999710806],[18.576419974597567,-33.53147999556841],[18.579959976184035,-33.55772000221445],[18.56858997324095,-33.56208999027358],[18.57436997645516,-33.57350000217031],[18.605899973168583,-33.58551999994729],[18.617993736203502,-33.584358863996066],[18.622079975516044,-33.614549999086904],[18.62699997591396,-33.62458999933086],[18.644954859288255,-33.63573639667095],[18.655164980603274,-33.63428000415177],[18.689739975555415,-33.66523000914361],[18.692669966403102,-33.68127000071764],[18.711869980199136,-33.67586999997798],[18.736729988164235,-33.6870300010952],[18.751999975582468,-33.67683000294848],[18.7597999760181,-33.6655749907029],[18.76321998157036,-33.64892000084866],[18.778149974734713,-33.64910999905338],[18.787539975844048,-33.63763000000797],[18.822226610470988,-33.64183261337952],[18.80214997907888,-33.673724999019925],[18.79370998234667,-33.679429996997264],[18.794589975073862,-33.706830001987846],[18.821989980623258,-33.70830000102888],[18.818199978166657,-33.72230999185778],[18.83299997778019,-33.738170000184546],[18.8094599790747,-33.74078000076558],[18.810099983329327,-33.75776000050611],[18.787650977704306,-33.76668299759262],[18.809769978895435,-33.78133000048412],[18.796239981448217,-33.79816000252703],[18.78476514240624,-33.80363753070675],[18.789747955134068,-33.82010620110138],[18.75286997928629,-33.83441999913078],[18.75311497868408,-33.849985000858645],[18.74579497923989,-33.86028000308585],[18.745719981601518,-33.87394999938278],[18.75325989170593,-33.88506341750873],[18.717250974568564,-33.89847199908261],[18.71080998026341,-33.921168996125296],[18.73981189495118,-33.932825768723106],[18.729179998898385,-33.96747639122716],[18.74068506553223,-33.984127012311575],[18.737729975815625,-33.989299990205254],[18.751769977609854,-34.00532000069386],[18.74194998220444,-34.01349999707512],[18.744429982254573,-34.02482000098423],[18.76624998740963,-34.04370999842662],[18.792269979002292,-34.05337999700356],[18.80504942142997,-34.05217308304565],[18.818949978343152,-34.03971000163633],[18.84183998204868,-34.04711000157533],[18.885580035709257,-34.02730060030306],[18.92272997945098,-34.0138599963174],[18.92739998452683,-33.99993999734484],[18.943709984165213,-34.003720002713294],[18.969941198803372,-34.02145345413881],[18.96961400265684,-34.04972003948129],[18.963637074467208,-34.076386892898746],[18.970393758481443,-34.08306234811906],[18.98460602456221,-34.03589974323099],[19.004824207707962,-34.07556685746313],[18.966836616907006,-34.102373989153385],[18.943899984856852,-34.138240000387384],[18.96605499418096,-34.14071500692255],[18.963819986604356,-34.15294000178918],[18.980269983364444,-34.1549899937542],[18.96247998895419,-34.177720000736876],[18.941849984779353,-34.18889000105539],[18.930709369379656,-34.20352786635186]]]]},"properties":{"Union":"WP"}},{"type":"Feature","geometry":{"type":"Polygon","coordinates":[[[25.221490002700545,-33.97077000024903],[25.153719997631224,-33.962799998698195],[25.105840001879496,-33.962700000748306],[25.077849999992782,-33.9647499986607],[25.01744999967844,-33.972999996782036],[24.975149996968806,-33.985120000666384],[24.936800001439096,-34.00554000278993],[24.92806000345575,-34.01549999687632],[24.93392000103366,-34.034139999244076],[24.925090003241714,-34.053469996600555],[24.921540004044903,-34.078840000981934],[24.899120011421903,-34.095349996265476],[24.885180000275728,-34.11097999917731],[24.84294000243539,-34.141580001928666],[24.83387999783385,-34.16135000081093],[24.834470002923133,-34.17071999664911],[24.858890001792307,-34.186640002933515],[24.839490001451406,-34.1976300027394],[24.827279996853854,-34.211150002396224],[24.792200002693967,-34.197280001924476],[24.768990000777116,-34.19847000263362],[24.730130000861553,-34.18630000016716],[24.714880002282204,-34.19367999605136],[24.69277999961831,-34.18837000264376],[24.658950002659385,-34.174910001196544],[24.636549998640266,-34.17233000277758],[24.613689999069106,-34.176640000106445],[24.599059999610272,-34.187930001852536],[24.566690003991035,-34.181309996813525],[24.54617999506451,-34.173549997914],[24.51695000010866,-34.169429997610244],[24.511360001065707,-34.17234000062276],[24.47538000921336,-34.16192000186697],[24.444949998865365,-34.14358999907476],[24.431760003752018,-34.130200001397476],[24.40173000201341,-34.11718999781983],[24.38194999754135,-34.10308000063894],[24.32252999583777,-34.10312000230288],[24.294850001682526,-34.09337000224561],[24.250329998921973,-34.08305999873784],[24.244070000881774,-34.07823999668421],[24.216290000480527,-34.07334000243355],[24.193609999160838,-34.066030001619396],[24.161730003005633,-34.063889995761386],[24.147380002481512,-34.05943000116763],[24.11326999966539,-34.05915000379457],[24.001720003212164,-34.043679997175026],[23.962489996845413,-34.03945999930932],[23.903329998003315,-34.02912000223402],[23.8915700010338,-34.032890000826896],[23.877009997702963,-34.028469998788935],[23.84651999923518,-34.02709000012121],[23.80353000012799,-34.01653000170969],[23.764340002639518,-34.01202000123162],[23.757260000612554,-34.0072599963728],[23.720800000325877,-34.002959996080016],[23.65294000324054,-33.989600000333176],[23.647019999881397,-33.980559999626045],[23.645900002444957,-33.962449997875716],[23.63458999591411,-33.95205000402916],[23.63696999768136,-33.93465000126381],[23.644710001437343,-33.92867999894381],[23.637480001656698,-33.91421000335453],[23.65361999972256,-33.9092100022991],[23.655229998100097,-33.88738999695985],[23.683049999304437,-33.883939996091556],[23.70329999885631,-33.86406000100001],[23.620269996933672,-33.843239999699115],[23.608060002078222,-33.83292999712948],[23.561949997534736,-33.82893999821117],[23.554015002829654,-33.7963549888005],[23.517920003615203,-33.78562000283464],[23.487989998804824,-33.79148999928283],[23.48905999818051,-33.80752999863219],[23.46804999868218,-33.80747999985054],[23.395039995569896,-33.79263999883789],[23.43006999969149,-33.76175999770129],[23.43994000197501,-33.71739000080717],[23.4753599984902,-33.71765999980756],[23.541270004075887,-33.699539999729794],[23.541670004143974,-33.68300999957909],[23.555529998239994,-33.67295999813895],[23.55652000301226,-33.651540001322495],[23.585900003427387,-33.672749995991154],[23.628779997356595,-33.66932999791273],[23.67044000396954,-33.6725599981307],[23.67498000036766,-33.62587001181879],[23.61988899687037,-33.59148299674391],[23.616870002803115,-33.570239998920165],[23.596199998733162,-33.5725200038101],[23.603999998995896,-33.496400002286315],[23.579030002521108,-33.4846799982774],[23.51417000058076,-33.46273999912263],[23.495619998459482,-33.44344001116036],[23.4676099977583,-33.44814000323307],[23.423253997193303,-33.44197100171039],[23.393369993882214,-33.44568999715567],[23.35487999839852,-33.441169997420076],[23.297124998344724,-33.38864000061923],[23.195330003469245,-33.386150002968826],[23.134800003739585,-33.387620000602006],[23.112889998970502,-33.400810004113154],[23.06637999587498,-33.40034000110948],[23.01539000160145,-33.4123800029316],[22.93478000260093,-33.42914000079744],[22.830250002673107,-33.4190800011787],[22.77443000013672,-33.41974000240183],[22.784499997321447,-33.41553000191149],[22.73574000087296,-33.394769998432956],[22.73926999623516,-33.323980002585124],[22.77338999591426,-33.32625999887361],[22.773929994588062,-33.30902999757332],[22.790259990890846,-33.307309995866596],[22.840220002647865,-33.220210001298554],[22.877208001618254,-33.1869039968218],[22.892269997716447,-33.1416300036615],[22.955310001331984,-33.073140000723164],[22.957849997540265,-33.04505999862683],[22.934089999560435,-33.021659999255164],[22.935210005205416,-33.0130400033628],[22.969250004051535,-32.99337000264102],[22.948750001154895,-32.950040001425975],[23.00368000409062,-32.898280002273474],[23.007439997016427,-32.87281999937564],[23.09800999826952,-32.873690008801844],[23.116420002363544,-32.857990003646684],[23.089350001249137,-32.79917999687454],[23.149329995919086,-32.766739997906875],[23.187469999136145,-32.767430001562175],[23.20110000958819,-32.78535500079119],[23.250410002453055,-32.78857999870917],[23.305169997372516,-32.80949999785921],[23.378620000476246,-32.825019995796985],[23.39773699682104,-32.76348000255111],[23.351600007295794,-32.763790002834895],[23.35349999976809,-32.729439995814786],[23.332859997492847,-32.70361000416024],[23.269569999713845,-32.67147999621167],[23.30130999785505,-32.65178999865836],[23.30728999776662,-32.61164999767997],[23.288155000550265,-32.55120999834212],[23.24447000367757,-32.5132299990781],[23.247540001973643,-32.46532999759969],[23.221610002603704,-32.425040000301074],[23.272139999887752,-32.40066000185092],[23.287215002949996,-32.40417500312658],[23.30732999932133,-32.39592000156476],[23.333050004282345,-32.351139997605735],[23.349259996455768,-32.36441000956717],[23.409850002061592,-32.389199998714055],[23.42465000155569,-32.35623999729899],[23.44895999827431,-32.32326999782573],[23.52359000413815,-32.32875999911169],[23.59177999687605,-32.34076999831856],[23.665149999392877,-32.34422999824973],[23.67836999576171,-32.32910999897413],[23.648870001974245,-32.29801999573529],[23.670450002382943,-32.23767000366974],[23.692409997239547,-32.233460004052816],[23.708169999802557,-32.21915000314828],[23.747070001005977,-32.20068001006665],[23.76622999808896,-32.178729996944746],[23.79785000089754,-32.19407000327295],[23.851080006874824,-32.24252000037278],[23.8644500010038,-32.248999998228186],[23.892299996908957,-32.25494999589683],[23.92095999913931,-32.233420002813595],[23.935239997296307,-32.231960003310476],[23.96114999913922,-32.20652000384139],[23.985829999642217,-32.197829996999],[24.030529994024434,-32.19347999793613],[24.04392999782171,-32.18194999876122],[24.038029999540072,-32.15813000358481],[24.100129995958067,-32.16400000038317],[24.112929996849733,-32.15093000044511],[24.117569999454936,-32.135219996429456],[24.135529996537976,-32.12314000104778],[24.13543999706819,-32.09785999693705],[24.109674996854107,-32.08428999918897],[24.10443000407229,-32.06763999697527],[24.12328999949167,-32.055929999351754],[24.141069997365673,-32.051359991972085],[24.128609998028065,-32.0412500005512],[24.140870001433225,-32.011709998337075],[24.174479996875494,-32.01994000138687],[24.193739999570216,-32.004830000213666],[24.183029997409655,-31.995939997348557],[24.222410000128704,-31.9556400007285],[24.20543000085191,-31.94168999214157],[24.18803999682631,-31.933629998647017],[24.197199990979453,-31.923489998438242],[24.164199996892943,-31.90241000307771],[24.147240003118384,-31.896949996694406],[24.138649994441003,-31.905439999621027],[24.105379999629687,-31.906850002398386],[24.108300001081414,-31.886139997391123],[24.123770000272938,-31.84721999932544],[24.1533200011584,-31.854910002866216],[24.154830001192714,-31.822480001920823],[24.179749997699805,-31.81939000035777],[24.183699996404613,-31.813279998846774],[24.15433001112328,-31.798309997082352],[24.152459995272217,-31.788609998403018],[24.14740999459949,-31.767279998229345],[24.161589996122327,-31.74014999364957],[24.22580000558862,-31.747549999893334],[24.248410000725258,-31.760359998605544],[24.26825000293314,-31.766669997347286],[24.2850200013157,-31.76517999637378],[24.314030004617955,-31.75129999827978],[24.322370000482984,-31.741780003454103],[24.324689998401862,-31.724060000670274],[24.345990001199166,-31.7144800047155],[24.423289998918513,-31.711639996309504],[24.44125000298187,-31.712609997697516],[24.4699400013857,-31.706480000428705],[24.506269999876125,-31.706830002164498],[24.514129996370244,-31.704970000766387],[24.517330001600776,-31.64457999778983],[24.522960003271315,-31.603689998245994],[24.503910002482595,-31.56841999875555],[24.524550004823354,-31.54542999693618],[24.533030001163365,-31.509780000081278],[24.519439999506684,-31.49789999892656],[24.558850000557612,-31.481839995869866],[24.5676300005304,-31.42714999729502],[24.56719000090795,-31.41864000102574],[24.596100000246867,-31.399180000160296],[24.664990000873125,-31.383660009646533],[24.704810003115917,-31.40059000245155],[24.71060999621549,-31.409509997815757],[24.724299999328505,-31.399859997577288],[24.78867999779644,-31.389460003257845],[24.825499990542824,-31.3565099981769],[24.862859988531742,-31.37360999986146],[24.86135000567083,-31.356310004356192],[24.852990005331517,-31.32820999036538],[24.885030005171874,-31.317269993866816],[24.923379998224707,-31.31348999937389],[24.941970004572575,-31.3150699993919],[24.948729997913485,-31.298350002650093],[24.96046999761307,-31.285509999704857],[25.005620000016062,-31.263099998954445],[25.058470003678757,-31.269380000363306],[25.073460001187485,-31.253269997387385],[25.084400000364024,-31.26233000262698],[25.100790004166146,-31.25945000124121],[25.115200000182693,-31.24626999912726],[25.130679998585904,-31.239399998346897],[25.152699998554922,-31.243119992277325],[25.155200001462006,-31.231150001063465],[25.170479997556335,-31.23917999908992],[25.17913000419652,-31.222230000230482],[25.1923599966192,-31.21336000203451],[25.204819999110978,-31.215099999975152],[25.210969997924607,-31.19210999830444],[25.22504000252443,-31.195199999703327],[25.26932999884354,-31.214400001247324],[25.28494000372314,-31.223409995097093],[25.290580003995178,-31.213479996966445],[25.35441999654117,-31.23599999388111],[25.38621000108252,-31.217840003754283],[25.39879000091102,-31.211039997828077],[25.43365000402389,-31.229079996911437],[25.432600001229567,-31.236100001588422],[25.448430000358318,-31.25617000325499],[25.46460000011842,-31.256490000962998],[25.479409998183282,-31.237250002385327],[25.494089996095184,-31.24311000023988],[25.52065000101892,-31.268189992694033],[25.557529998985288,-31.277990007077115],[25.515470000090858,-31.316779995958253],[25.497359998336,-31.320309998683292],[25.47443000156743,-31.31325000136134],[25.44363000223101,-31.33430999882117],[25.463469995937942,-31.351959996913862],[25.512119997203836,-31.346009999339177],[25.56449999624509,-31.35846999832752],[25.58301999718073,-31.344859999001265],[25.591710004190134,-31.418869996893502],[25.58195500119413,-31.44086000294849],[25.58933000191832,-31.48531000167537],[25.57853999756359,-31.491160002040605],[25.586570003753494,-31.511419999692723],[25.566910000940695,-31.518540003126667],[25.56411000344389,-31.526839999578204],[25.615480001522688,-31.543389995948317],[25.64225999810178,-31.576479997810214],[25.617359996965224,-31.577260000742875],[25.54795000039781,-31.554340002786855],[25.534479999703553,-31.534550000172977],[25.505820005613312,-31.548869998980905],[25.50739000286039,-31.575989998947474],[25.52832999946587,-31.613749997614132],[25.499929997952098,-31.642239997715052],[25.479470003520262,-31.668969995966446],[25.454490000659515,-31.684599997722465],[25.41488000138551,-31.674249995093987],[25.39950999951389,-31.67669000156914],[25.39198999724291,-31.690740001718403],[25.372140004921977,-31.701020001963954],[25.36039999605966,-31.714490001792605],[25.38101000321553,-31.727049999178163],[25.404569998473413,-31.730930001990785],[25.427169997693237,-31.741099997780854],[25.441609999144678,-31.758149999864333],[25.477939999798295,-31.73934000373826],[25.489540002425805,-31.753859998221785],[25.508630003487504,-31.761230004138252],[25.527420010497547,-31.761669995863496],[25.54142000269877,-31.76742999635115],[25.561039996945254,-31.76421000220914],[25.56368000051988,-31.80290999904904],[25.60702999840753,-31.819179998291816],[25.616559997974644,-31.839220002935836],[25.63409999877098,-31.839609996596625],[25.6416500044101,-31.87401000317152],[25.64056999863654,-31.902690000923474],[25.664009998963994,-31.90313000132286],[25.699260003228485,-31.882899998107806],[25.706915000686532,-31.86232999937046],[25.723179996909646,-31.863650000881396],[25.73747999854115,-31.883240000273744],[25.765259998615306,-31.878840002614524],[25.762169996970297,-31.8979000011343],[25.83005999731168,-31.92100999731072],[25.850159999746904,-31.908890000595818],[25.90551000677763,-31.94505000132891],[25.948409997679367,-31.98111000294223],[25.999530001493227,-32.005000002179216],[26.033910002447378,-32.001580003362676],[26.0026140017306,-32.03173600036956],[26.00039999637132,-32.03788999960071],[26.021969996887204,-32.044899997894206],[26.023909999126346,-32.05518999707556],[25.999660000564358,-32.0706499970502],[26.00956999623707,-32.07642000399781],[26.064149997502238,-32.08013999571544],[26.055339996620532,-32.09964000388309],[26.07353000143148,-32.10341000295712],[26.076000002550607,-32.11261999614296],[26.10104000197697,-32.11344999777619],[26.139190003433846,-32.11915000075986],[26.14084999857522,-32.14683000374401],[26.20688999647418,-32.16447000299954],[26.200774991623852,-32.18027999686368],[26.19285000327349,-32.216869999145665],[26.1991100008461,-32.26889999780144],[26.191329996931596,-32.28523000078973],[26.141285004098666,-32.27174500781034],[26.11944999748944,-32.298440000316795],[26.081640000874412,-32.317880003253855],[26.052040378594484,-32.31229004981062],[26.04747529861791,-32.32286560727162],[26.032643038846253,-32.32656583961008],[25.996227654474165,-32.35447093226486],[25.97122823882514,-32.35480100394061],[25.95106961234371,-32.36404736315809],[25.94053957147488,-32.3832680453227],[25.93926999986359,-32.40606000322779],[25.89935999729334,-32.432929999806845],[25.907800000636538,-32.45734999910914],[25.88730999656008,-32.48680000172213],[25.934269999177943,-32.47605999681069],[25.929990003522953,-32.494619998178635],[25.93983000281009,-32.53871999683108],[25.959449996994664,-32.55181000111143],[25.976629998780787,-32.54587000178606],[26.026619998155557,-32.54662000207232],[26.028299999347013,-32.54002999983752],[26.080840001486475,-32.546580002416874],[26.094140000095006,-32.56490999628368],[26.121269997763108,-32.58023999688981],[26.127175000453832,-32.59543999590197],[26.080300001551254,-32.629670001217384],[26.074079997059783,-32.63827000030927],[26.047619998953124,-32.63280000301871],[26.047219998659358,-32.65426999903904],[26.026759997113118,-32.67012000191618],[26.063979996781747,-32.68559999884881],[26.03204000289923,-32.76401000268332],[26.049010004238443,-32.78081999962829],[26.065959998998355,-32.786930001118385],[26.095129996844825,-32.764339999035826],[26.109110001059562,-32.76948999805518],[26.179510003487536,-32.763440001971006],[26.205149998159026,-32.74945999788109],[26.20811999796775,-32.7695799969856],[26.24040999985404,-32.79296000038238],[26.245739997712953,-32.81524000185389],[26.19004999626489,-32.812230000649876],[26.16564000304963,-32.8444000009685],[26.170359998850447,-32.856310003210574],[26.200400000047825,-32.85060999996977],[26.21248000253473,-32.86266999877092],[26.22360000305851,-32.857129999383375],[26.22456999629706,-32.877839996412945],[26.23614000276624,-32.87120001084452],[26.24670000094945,-32.88458000284943],[26.263239999136612,-32.888840002121356],[26.270940001257337,-32.87812000239787],[26.28508000028916,-32.89918999827116],[26.27493999776137,-32.93697999859085],[26.298959998034693,-32.932130002783154],[26.32160999708687,-32.93522000542681],[26.35863000139815,-32.9344699960819],[26.362660002430147,-32.96353999606969],[26.38807200086618,-32.97338899627395],[26.436340003522506,-32.947460002636724],[26.446909998594002,-32.948319999667355],[26.4513399994629,-32.961680011871785],[26.4622400001675,-32.96219999770387],[26.48500000180062,-32.98181999987788],[26.494670001388968,-32.978589999320455],[26.4943000034177,-32.9540200029395],[26.505499997186043,-32.94371000012033],[26.51841000269664,-32.94676999974037],[26.523250001143957,-32.97068000322582],[26.516060002816584,-32.98859999997462],[26.528899996715044,-32.989350000167775],[26.536140002388972,-32.98100000378624],[26.551980006195198,-32.98096000277471],[26.567600002066396,-32.991439998633],[26.577289996829617,-32.984379993697694],[26.580060000195854,-32.962109998202095],[26.591180000482932,-32.960919996719156],[26.595570000492348,-32.99306000330214],[26.58303999747266,-33.00965999801366],[26.587640000115957,-33.017549996587384],[26.60806000064634,-33.00921999731367],[26.615259996999026,-32.99820000309076],[26.630109995949272,-33.00432999996175],[26.62667999961963,-33.01958999683919],[26.6409700037031,-33.03307000256713],[26.64193000642745,-33.05028999778369],[26.658260002242844,-33.04322000261767],[26.66111000008155,-33.03108999308731],[26.676849997700053,-33.03835000166598],[26.690570000674064,-33.056430002346886],[26.71393999831301,-33.04040999843344],[26.73213000192442,-33.05673000393221],[26.741650003143594,-33.05122000643674],[26.74819999681531,-33.03094000393195],[26.771629999103872,-33.03605999914523],[26.78426999671397,-33.0266100013936],[26.785809998935807,-32.992920004446226],[26.802479996919207,-33.000920000094034],[26.794870002533376,-33.02630000057106],[26.793289999684102,-33.05356000026998],[26.77188999983273,-33.07832000218558],[26.78373999652503,-33.08649999705575],[26.813029995956068,-33.035970000334416],[26.8255000005118,-33.03946999969534],[26.828810002910263,-33.06947999822272],[26.839099994155053,-33.08117999802791],[26.856770002908952,-33.07127000270635],[26.85670999849047,-33.049589997323835],[26.866340004150132,-33.04562999986319],[26.876919998357437,-33.06556000155772],[26.87529000387609,-33.081510002369185],[26.858039998388502,-33.101969988109765],[26.856229996755165,-33.114920002047604],[26.847179999041614,-33.131840003343406],[26.837680002494373,-33.12198999800417],[26.820509997670385,-33.12918000396945],[26.82863000367772,-33.14935000200317],[26.837600000237618,-33.155079999774664],[26.837460002416613,-33.174220000260426],[26.86387000187004,-33.17852999786201],[26.84331000193232,-33.20504000388104],[26.855689998779173,-33.207660002891075],[26.872579988591035,-33.20318000364432],[26.879250000487417,-33.19067999673683],[26.878159997813977,-33.170909997612675],[26.8990800049205,-33.18206999884655],[26.8957999971012,-33.19172999927639],[26.903960003512022,-33.20186999992871],[26.92526999652873,-33.19806999840458],[26.921539998156817,-33.16934999876066],[26.939039998921874,-33.164799997022556],[26.95512000019775,-33.16900999696233],[26.952970003784117,-33.178510002263835],[26.962559999628052,-33.202390001807025],[26.979059996555325,-33.22021999870242],[26.96591999441719,-33.225790002414065],[26.966890002878596,-33.23807000089274],[26.990519999779274,-33.2349799990711],[27.00824000094998,-33.2504899983663],[27.00331999348441,-33.26360999835304],[26.986819996364627,-33.25446999968646],[26.97116999822219,-33.258519997212716],[26.968949998895177,-33.267660003145096],[26.983160001201686,-33.26848999725521],[26.997539996509577,-33.280830001308914],[27.003760001992262,-33.302029998069],[26.99855999674621,-33.33072000183432],[26.98363999529272,-33.34274000043434],[26.985259997683734,-33.35620000222679],[27.01567000448567,-33.37839000362956],[27.020690002409033,-33.39550000277594],[27.035509998316936,-33.40282000073019],[27.049630001525188,-33.421989995689316],[27.055759998251624,-33.437319995608284],[27.06880000348614,-33.443999997623145],[27.069459996604856,-33.45740000315778],[27.07905000077318,-33.470470011341725],[27.098259996745828,-33.47629000142559],[27.13559999981561,-33.496329998574524],[27.110969998718446,-33.5253400013334],[27.06790999750279,-33.532939997426965],[27.049220003007477,-33.5407699995777],[27.043229996505232,-33.55354999626451],[27.01541000282187,-33.56190000113738],[27.00839999601118,-33.57059000032728],[26.98608999194792,-33.57108999761041],[26.936320001704754,-33.58199999597518],[26.9187700017033,-33.5955200026389],[26.90450000240874,-33.599250001963235],[26.866710001413505,-33.62633000120495],[26.825569995526596,-33.632180001405864],[26.79514000215184,-33.64078999756333],[26.751729998526837,-33.650009997968105],[26.722260000274325,-33.666030001382005],[26.704580000527116,-33.67188999900894],[26.69580999864099,-33.682259998659426],[26.68451999674318,-33.68301999801005],[26.666579995579756,-33.69661999927396],[26.649209996102698,-33.699149997867664],[26.625920001254293,-33.71907999956377],[26.589679999808382,-33.72482000323414],[26.558600003305514,-33.74818999980033],[26.530049997525865,-33.75414999569558],[26.468390000662257,-33.77337999667737],[26.413850008244776,-33.76244000424903],[26.38018999659641,-33.75940000012214],[26.352139996752136,-33.76125000168189],[26.32188000365832,-33.767770001332984],[26.28614000008783,-33.76173000383553],[26.25961999649149,-33.74920000196235],[26.188340000771028,-33.72618999611875],[26.13874000353524,-33.71477000175835],[26.078760001155313,-33.7067500020194],[26.01585999618068,-33.70530999806743],[25.96055999601024,-33.70826000103865],[25.90559999901907,-33.71315999661706],[25.84900999902227,-33.72245999771941],[25.791160003468384,-33.74257999733384],[25.7528000006875,-33.76495999672817],[25.703960002302527,-33.79046000122638],[25.66532000173283,-33.82189999711004],[25.64149000074265,-33.85165000241686],[25.624510001590284,-33.88685999705173],[25.613350000997922,-33.918909994845684],[25.612519998466382,-33.94826999808838],[25.635670002766123,-33.968309996426996],[25.67140000112626,-33.98313000117378],[25.688069999210697,-34.00187999936499],[25.697140002282648,-34.0320800029979],[25.66935000318476,-34.025890000707506],[25.652920000603714,-34.02803999720313],[25.63423999793044,-34.046540001243386],[25.608489999352532,-34.04511000329907],[25.58925000048947,-34.0506100023298],[25.560859997557863,-34.04424999826429],[25.483610000385905,-34.033850003584774],[25.452220002876096,-34.03093000273158],[25.44017000349625,-34.03542999802124],[25.394940000617446,-34.031370003125765],[25.381960000400568,-34.023029997209306],[25.361810005737187,-34.01936000443818],[25.305539997325184,-33.99301999924913],[25.254759997276242,-33.97811000285469],[25.221490002700545,-33.97077000024903]]]},"properties":{"Union":"EP"}},{"type":"Feature","geometry":{"type":"Polygon","coordinates":[[[27.13559999981561,-33.496329998574524],[27.098259996745828,-33.47629000142559],[27.07905000077318,-33.470470011341725],[27.069459996604856,-33.45740000315778],[27.06880000348614,-33.443999997623145],[27.055759998251624,-33.437319995608284],[27.049630001525188,-33.421989995689316],[27.035509998316936,-33.40282000073019],[27.020690002409033,-33.39550000277594],[27.01567000448567,-33.37839000362956],[26.985259997683734,-33.35620000222679],[26.98363999529272,-33.34274000043434],[26.99855999674621,-33.33072000183432],[27.003760001992262,-33.302029998069],[26.997539996509577,-33.280830001308914],[26.983160001201686,-33.26848999725521],[26.968949998895177,-33.267660003145096],[26.97116999822219,-33.258519997212716],[26.986819996364627,-33.25446999968646],[27.00331999348441,-33.26360999835304],[27.00824000094998,-33.2504899983663],[26.990519999779274,-33.2349799990711],[26.966890002878596,-33.23807000089274],[26.96591999441719,-33.225790002414065],[26.979059996555325,-33.22021999870242],[26.962559999628052,-33.202390001807025],[26.952970003784117,-33.178510002263835],[26.95512000019775,-33.16900999696233],[26.939039998921874,-33.164799997022556],[26.921539998156817,-33.16934999876066],[26.92526999652873,-33.19806999840458],[26.903960003512022,-33.20186999992871],[26.8957999971012,-33.19172999927639],[26.8990800049205,-33.18206999884655],[26.878159997813977,-33.170909997612675],[26.879250000487417,-33.19067999673683],[26.872579988591035,-33.20318000364432],[26.855689998779173,-33.207660002891075],[26.84331000193232,-33.20504000388104],[26.86387000187004,-33.17852999786201],[26.837460002416613,-33.174220000260426],[26.837600000237618,-33.155079999774664],[26.82863000367772,-33.14935000200317],[26.820509997670385,-33.12918000396945],[26.837680002494373,-33.12198999800417],[26.847179999041614,-33.131840003343406],[26.856229996755165,-33.114920002047604],[26.858039998388502,-33.101969988109765],[26.87529000387609,-33.081510002369185],[26.876919998357437,-33.06556000155772],[26.866340004150132,-33.04562999986319],[26.85670999849047,-33.049589997323835],[26.856770002908952,-33.07127000270635],[26.839099994155053,-33.08117999802791],[26.828810002910263,-33.06947999822272],[26.8255000005118,-33.03946999969534],[26.813029995956068,-33.035970000334416],[26.78373999652503,-33.08649999705575],[26.77188999983273,-33.07832000218558],[26.793289999684102,-33.05356000026998],[26.794870002533376,-33.02630000057106],[26.802479996919207,-33.000920000094034],[26.785809998935807,-32.992920004446226],[26.78426999671397,-33.0266100013936],[26.771629999103872,-33.03605999914523],[26.74819999681531,-33.03094000393195],[26.741650003143594,-33.05122000643674],[26.73213000192442,-33.05673000393221],[26.71393999831301,-33.04040999843344],[26.690570000674064,-33.056430002346886],[26.676849997700053,-33.03835000166598],[26.66111000008155,-33.03108999308731],[26.658260002242844,-33.04322000261767],[26.64193000642745,-33.05028999778369],[26.6409700037031,-33.03307000256713],[26.62667999961963,-33.01958999683919],[26.630109995949272,-33.00432999996175],[26.615259996999026,-32.99820000309076],[26.60806000064634,-33.00921999731367],[26.587640000115957,-33.017549996587384],[26.58303999747266,-33.00965999801366],[26.595570000492348,-32.99306000330214],[26.591180000482932,-32.960919996719156],[26.580060000195854,-32.962109998202095],[26.577289996829617,-32.984379993697694],[26.567600002066396,-32.991439998633],[26.551980006195198,-32.98096000277471],[26.536140002388972,-32.98100000378624],[26.528899996715044,-32.989350000167775],[26.516060002816584,-32.98859999997462],[26.523250001143957,-32.97068000322582],[26.51841000269664,-32.94676999974037],[26.505499997186043,-32.94371000012033],[26.4943000034177,-32.9540200029395],[26.494670001388968,-32.978589999320455],[26.48500000180062,-32.98181999987788],[26.4622400001675,-32.96219999770387],[26.4513399994629,-32.961680011871785],[26.446909998594002,-32.948319999667355],[26.436340003522506,-32.947460002636724],[26.38807200086618,-32.97338899627395],[26.362660002430147,-32.96353999606969],[26.35863000139815,-32.9344699960819],[26.32160999708687,-32.93522000542681],[26.298959998034693,-32.932130002783154],[26.27493999776137,-32.93697999859085],[26.28508000028916,-32.89918999827116],[26.270940001257337,-32.87812000239787],[26.263239999136612,-32.888840002121356],[26.24670000094945,-32.88458000284943],[26.23614000276624,-32.87120001084452],[26.22456999629706,-32.877839996412945],[26.22360000305851,-32.857129999383375],[26.21248000253473,-32.86266999877092],[26.200400000047825,-32.85060999996977],[26.170359998850447,-32.856310003210574],[26.16564000304963,-32.8444000009685],[26.19004999626489,-32.812230000649876],[26.245739997712953,-32.81524000185389],[26.24040999985404,-32.79296000038238],[26.20811999796775,-32.7695799969856],[26.205149998159026,-32.74945999788109],[26.179510003487536,-32.763440001971006],[26.109110001059562,-32.76948999805518],[26.095129996844825,-32.764339999035826],[26.065959998998355,-32.786930001118385],[26.049010004238443,-32.78081999962829],[26.03204000289923,-32.76401000268332],[26.063979996781747,-32.68559999884881],[26.026759997113118,-32.67012000191618],[26.047219998659358,-32.65426999903904],[26.047619998953124,-32.63280000301871],[26.074079997059783,-32.63827000030927],[26.080300001551254,-32.629670001217384],[26.127175000453832,-32.59543999590197],[26.121269997763108,-32.58023999688981],[26.094140000095006,-32.56490999628368],[26.080840001486475,-32.546580002416874],[26.028299999347013,-32.54002999983752],[26.026619998155557,-32.54662000207232],[25.976629998780787,-32.54587000178606],[25.959449996994664,-32.55181000111143],[25.93983000281009,-32.53871999683108],[25.929990003522953,-32.494619998178635],[25.934269999177943,-32.47605999681069],[25.88730999656008,-32.48680000172213],[25.907800000636538,-32.45734999910914],[25.89935999729334,-32.432929999806845],[25.93926999986359,-32.40606000322779],[25.94053957147488,-32.3832680453227],[25.95106961234371,-32.36404736315809],[25.97122823882514,-32.35480100394061],[25.996227654474165,-32.35447093226486],[26.032643038846253,-32.32656583961008],[26.04747529861791,-32.32286560727162],[26.052040378594484,-32.31229004981062],[26.081640000874412,-32.317880003253855],[26.11944999748944,-32.298440000316795],[26.141285004098666,-32.27174500781034],[26.191329996931596,-32.28523000078973],[26.1991100008461,-32.26889999780144],[26.19285000327349,-32.216869999145665],[26.200774991623852,-32.18027999686368],[26.20688999647418,-32.16447000299954],[26.14084999857522,-32.14683000374401],[26.139190003433846,-32.11915000075986],[26.10104000197697,-32.11344999777619],[26.076000002550607,-32.11261999614296],[26.07353000143148,-32.10341000295712],[26.055339996620532,-32.09964000388309],[26.064149997502238,-32.08013999571544],[26.00956999623707,-32.07642000399781],[25.999660000564358,-32.0706499970502],[26.023909999126346,-32.05518999707556],[26.021969996887204,-32.044899997894206],[26.00039999637132,-32.03788999960071],[26.0026140017306,-32.03173600036956],[26.033910002447378,-32.001580003362676],[25.999530001493227,-32.005000002179216],[25.948409997679367,-31.98111000294223],[25.90551000677763,-31.94505000132891],[25.850159999746904,-31.908890000595818],[25.83005999731168,-31.92100999731072],[25.762169996970297,-31.8979000011343],[25.765259998615306,-31.878840002614524],[25.73747999854115,-31.883240000273744],[25.723179996909646,-31.863650000881396],[25.706915000686532,-31.86232999937046],[25.699260003228485,-31.882899998107806],[25.664009998963994,-31.90313000132286],[25.64056999863654,-31.902690000923474],[25.6416500044101,-31.87401000317152],[25.63409999877098,-31.839609996596625],[25.616559997974644,-31.839220002935836],[25.60702999840753,-31.819179998291816],[25.56368000051988,-31.80290999904904],[25.561039996945254,-31.76421000220914],[25.54142000269877,-31.76742999635115],[25.527420010497547,-31.761669995863496],[25.508630003487504,-31.761230004138252],[25.489540002425805,-31.753859998221785],[25.477939999798295,-31.73934000373826],[25.441609999144678,-31.758149999864333],[25.427169997693237,-31.741099997780854],[25.404569998473413,-31.730930001990785],[25.38101000321553,-31.727049999178163],[25.36039999605966,-31.714490001792605],[25.372140004921977,-31.701020001963954],[25.39198999724291,-31.690740001718403],[25.39950999951389,-31.67669000156914],[25.41488000138551,-31.674249995093987],[25.454490000659515,-31.684599997722465],[25.479470003520262,-31.668969995966446],[25.499929997952098,-31.642239997715052],[25.52832999946587,-31.613749997614132],[25.50739000286039,-31.575989998947474],[25.505820005613312,-31.548869998980905],[25.534479999703553,-31.534550000172977],[25.54795000039781,-31.554340002786855],[25.617359996965224,-31.577260000742875],[25.64225999810178,-31.576479997810214],[25.615480001522688,-31.543389995948317],[25.56411000344389,-31.526839999578204],[25.566910000940695,-31.518540003126667],[25.586570003753494,-31.511419999692723],[25.57853999756359,-31.491160002040605],[25.58933000191832,-31.48531000167537],[25.58195500119413,-31.44086000294849],[25.591710004190134,-31.418869996893502],[25.58301999718073,-31.344859999001265],[25.56449999624509,-31.35846999832752],[25.512119997203836,-31.346009999339177],[25.463469995937942,-31.351959996913862],[25.44363000223101,-31.33430999882117],[25.47443000156743,-31.31325000136134],[25.497359998336,-31.320309998683292],[25.515470000090858,-31.316779995958253],[25.557529998985288,-31.277990007077115],[25.52065000101892,-31.268189992694033],[25.494089996095184,-31.24311000023988],[25.479409998183282,-31.237250002385327],[25.46460000011842,-31.256490000962998],[25.448430000358318,-31.25617000325499],[25.432600001229567,-31.236100001588422],[25.43365000402389,-31.229079996911437],[25.39879000091102,-31.211039997828077],[25.38621000108252,-31.217840003754283],[25.377820002303896,-31.198870002755235],[25.384560001138883,-31.15097000123973],[25.398160001635727,-31.130679999571345],[25.41559999907385,-31.134400001868954],[25.44638999857852,-31.10020000206867],[25.454289991348663,-31.079300000337444],[25.43884000537534,-31.06149000036525],[25.463779997055006,-31.054740002059592],[25.486750000863122,-31.03691000385613],[25.50159999976772,-31.007389997116924],[25.484840002186154,-31.006329996817758],[25.47502000036801,-30.983880000155935],[25.510949998490194,-30.955720000091574],[25.504619998923225,-30.932979998174876],[25.514040000252212,-30.921459997810768],[25.5175899999483,-30.903389997831727],[25.500639998042043,-30.888009997014336],[25.47128999878184,-30.869840001334165],[25.485169997712052,-30.849799990855363],[25.5216299977335,-30.833180000999548],[25.549330000695342,-30.79098000369819],[25.524850001601436,-30.79639999897838],[25.504979999232336,-30.783630000121455],[25.486440003271426,-30.784549995370902],[25.480200002125343,-30.778910000158305],[25.479899997770193,-30.759769997186094],[25.473879997452116,-30.74371000242627],[25.473930003376804,-30.723119998302227],[25.466530004474688,-30.70978000124111],[25.460229997052025,-30.683279998949132],[25.471870000812984,-30.672919996211952],[25.458499998488083,-30.65744999990347],[25.456480004181618,-30.637000003701655],[25.467099997015236,-30.62421001113742],[25.476790011461983,-30.63463999344618],[25.52988000659194,-30.613019993083636],[25.556279999661633,-30.616629999694247],[25.57461000326898,-30.60875999735171],[25.590869995771442,-30.590740002966427],[25.60308999667607,-30.594390000181956],[25.623199999384653,-30.631970006811198],[25.610479998502505,-30.64723999357151],[25.61522999797636,-30.656770002399288],[25.630859999548314,-30.659349999761204],[25.654039999024675,-30.65242000297019],[25.67156000388124,-30.64087999843873],[25.685189999085246,-30.64658000093976],[25.681840003984487,-30.66888000706818],[25.7001399962337,-30.67950999958176],[25.716630010779635,-30.68247000225278],[25.749749999908847,-30.682460004414228],[25.764199998504925,-30.6885099990734],[25.778900001093607,-30.675879999627664],[25.782030003564845,-30.646329998376995],[25.799829998329525,-30.63479000161854],[25.81900000081086,-30.63497999993831],[25.851229998789517,-30.62933000396025],[25.859290006548857,-30.613719997909644],[25.88800999842868,-30.61207999755291],[25.89251999999691,-30.59823000218402],[25.87484999791612,-30.57279000326728],[25.872579999645744,-30.558080003355904],[25.88488000249543,-30.544199997076785],[25.902710000422875,-30.54280000193616],[25.926810000834223,-30.57027000241162],[25.941669999248706,-30.57729999724223],[25.942019998548897,-30.55921999674543],[25.95517000138866,-30.54707998879581],[25.97308999028509,-30.53938999258665],[26.032840006671215,-30.531299994187723],[26.051990002494517,-30.52273000058671],[26.0695800019167,-30.523480001790784],[26.097999999159118,-30.516500005806556],[26.109510000760096,-30.52246000158507],[26.117639997399987,-30.535000001565553],[26.131149997900792,-30.539889999408036],[26.149579999416247,-30.535040003019123],[26.149369996764317,-30.51995999720769],[26.130070001073904,-30.504899995746513],[26.132990002494576,-30.495220000378293],[26.14917999871179,-30.48396999883794],[26.162559999155892,-30.483489996618964],[26.178779998970484,-30.49081000399534],[26.19410999849538,-30.50376000183044],[26.19383000224067,-30.527979996979592],[26.259649999308753,-30.540720000990426],[26.264569998871476,-30.56382999711104],[26.280609999403033,-30.57835999812192],[26.28054001105777,-30.589779999915724],[26.294230003889087,-30.59100000439988],[26.31380999671873,-30.58263000322285],[26.34891000387727,-30.59496999940373],[26.36164000238057,-30.59283000138667],[26.372259995786095,-30.581620001059786],[26.392059997929845,-30.580460002758652],[26.405010003688513,-30.569960001625184],[26.425180001653345,-30.56523999789826],[26.446900000678315,-30.568760003050816],[26.4902300015374,-30.596010002812474],[26.481230002974247,-30.627629999231658],[26.50078000885706,-30.630789995742372],[26.521690001696037,-30.64020000078111],[26.551160001816616,-30.66181000403306],[26.575209987612876,-30.666759997994223],[26.59092998993582,-30.662639998217244],[26.626119997360828,-30.661439998999285],[26.63641000310064,-30.673539997757526],[26.626540000759274,-30.67945000295665],[26.62945000364953,-30.693879998236522],[26.650720003847585,-30.69147000091592],[26.677220002801416,-30.66808999795489],[26.684249998401278,-30.68477000258948],[26.706560001699607,-30.685679997593578],[26.72570000259588,-30.66639000930394],[26.752790000094034,-30.665649997814974],[26.775080000150016,-30.64896000411525],[26.805269997249447,-30.63936999880362],[26.8141400042482,-30.642670002725595],[26.847679996495234,-30.68386999728736],[26.87346999708304,-30.68084999829362],[26.878739997359112,-30.659610001128694],[26.896809999026033,-30.66738999630324],[26.92826000098671,-30.665990001290723],[26.94301000188809,-30.662149998195193],[26.949269999665038,-30.652920000805],[26.929900001379693,-30.62718000003151],[26.947899999416926,-30.607640000143487],[26.982189999834056,-30.597229998690853],[27.002939997691342,-30.594610008384436],[27.013799998074628,-30.60639000067628],[27.034309991437024,-30.59985999591978],[27.042729999197764,-30.58636000075335],[27.02725999944724,-30.579000001655487],[27.01842000318731,-30.56198000293205],[26.998090002036275,-30.54871999667385],[27.003649998078807,-30.538309996333798],[27.02880000849806,-30.534550002891432],[27.044880002337823,-30.536600000836618],[27.060949997218714,-30.530769997857377],[27.08525000178555,-30.528050000882587],[27.08861000277107,-30.543439997745022],[27.105349996814272,-30.55832999775129],[27.1219999989028,-30.54055999822505],[27.138020002673475,-30.53221999208626],[27.127200004065543,-30.515270004351784],[27.13240999967108,-30.509279997271193],[27.15916000233649,-30.51401999811684],[27.169719999711514,-30.512310001994855],[27.188450002157815,-30.523790001743023],[27.205990004271314,-30.507360000241828],[27.212770003910997,-30.4870000042189],[27.22945999900781,-30.499190011036635],[27.23527999598209,-30.482329999257235],[27.244789998942984,-30.480710003445846],[27.250339997515624,-30.50155000065802],[27.266540000290874,-30.506309997966355],[27.284489999278886,-30.503400003007204],[27.297519998975385,-30.51219999836218],[27.3064100024238,-30.490629995581767],[27.328359998628358,-30.48187000157617],[27.313599999912114,-30.468329998313173],[27.29353999846008,-30.456750001278067],[27.300579999119623,-30.44365999621676],[27.3131500009669,-30.441479998399345],[27.33646999893504,-30.450370001010604],[27.34786999686934,-30.449210002259118],[27.368060007749644,-30.438130003098006],[27.360809996949627,-30.425259998007483],[27.346250000956406,-30.430439999066188],[27.32531000595192,-30.42427000055387],[27.344589997490857,-30.397330001073215],[27.376889998392674,-30.40884000289221],[27.383150003298546,-30.40128999788739],[27.4030099941372,-30.39297000406933],[27.40293999871714,-30.38041999773414],[27.391400002048485,-30.357469996733155],[27.368800002470106,-30.371620002165823],[27.36290000320312,-30.35428000543561],[27.365780002600353,-30.338310000284416],[27.377350002926434,-30.327119996416663],[27.393009999228823,-30.339760001635838],[27.4197799980478,-30.32436999661845],[27.440000003648915,-30.322480002076787],[27.45020000223953,-30.314730000742543],[27.46458999575497,-30.314029999728962],[27.475290000752043,-30.32179999707798],[27.474959996078912,-30.356479999666483],[27.48689000230629,-30.361889999139763],[27.489579996838472,-30.37352000322147],[27.50688999950862,-30.387589999152294],[27.53401999802208,-30.384359998150458],[27.55571000227735,-30.40460999771844],[27.57021999808861,-30.425950001581377],[27.56487000441002,-30.43344999209831],[27.57251999947555,-30.448119999329066],[27.592849999764578,-30.450339998230103],[27.60391000396506,-30.458600002572055],[27.615040002098553,-30.47766000211007],[27.614969999418953,-30.48838000313952],[27.623600000813305,-30.506200001204117],[27.664750004194502,-30.525229997876526],[27.69340999833657,-30.544809998951614],[27.694299996789606,-30.55872000668492],[27.71643000113259,-30.568580002731945],[27.72069999865022,-30.579050000901937],[27.734439998080518,-30.590139998687302],[27.741910001186316,-30.603900002675488],[27.75388000022462,-30.60556999663169],[27.781669998711074,-30.61729999999864],[27.830360000576633,-30.61371999831774],[27.855329988779992,-30.615830001276404],[27.881130002886646,-30.61366999941667],[27.88962999568203,-30.605240001311724],[27.918350002951193,-30.60258999929431],[27.920540000093663,-30.622619999300376],[27.933039999434172,-30.62748999958027],[27.940520000883662,-30.644109998589858],[27.97752000136497,-30.655030004045244],[27.991650002475833,-30.65092000210626],[28.003749993051635,-30.658990001086657],[28.052440002605994,-30.658050003282618],[28.08457000152516,-30.65398000112124],[28.11350000333614,-30.67550499924694],[28.117680000430884,-30.668669997076798],[28.123570001514302,-30.6493200027712],[28.117500000558156,-30.64017999686993],[28.118810004161904,-30.62266000808522],[28.11057000359025,-30.6086800041564],[28.114130001005908,-30.59903000173629],[28.150739992405846,-30.584299996756723],[28.163549999146724,-30.555929999272024],[28.156959996791223,-30.54421000341392],[28.177350004408357,-30.522410003135484],[28.172430004470737,-30.5082700041101],[28.180669995793462,-30.501429998772476],[28.17886000345459,-30.489459999852482],[28.15558999604333,-30.47182999055221],[28.179559996937247,-30.438919988427692],[28.19722999788653,-30.433099998820136],[28.20627000606308,-30.4372199990345],[28.22895999779016,-30.430079999985548],[28.239530002373446,-30.41306999874524],[28.257650002006145,-30.416380000611998],[28.25864999830094,-30.40229000122337],[28.268770003412147,-30.373729997418398],[28.293819999729237,-30.372619998089554],[28.328960000205512,-30.385909998435373],[28.334480011163624,-30.392620003337466],[28.372539995733867,-30.404289999722558],[28.39489000098939,-30.403949996687402],[28.42148000115889,-30.421149996170247],[28.43699000022575,-30.419229999292963],[28.44826200114857,-30.427900008946654],[28.458139998061842,-30.423179998311642],[28.48084000412001,-30.42229999740718],[28.501670002496336,-30.435910003072244],[28.5104000030072,-30.45148999860972],[28.506500002585508,-30.46921999837241],[28.536180005227052,-30.467260000123794],[28.545420000684864,-30.4482700038229],[28.576969992727687,-30.43717999815988],[28.586280007734516,-30.452620002609397],[28.60218000068434,-30.4582599996211],[28.616029996527136,-30.47224000414675],[28.592240004220905,-30.483879999291187],[28.589249999980083,-30.490190004373694],[28.569840000220186,-30.496290006381283],[28.54701000243727,-30.548669998286034],[28.524890003480813,-30.548240003210353],[28.513720003851272,-30.565059999273227],[28.540550007971927,-30.588989998718503],[28.54204000333104,-30.600789995610974],[28.552350005439187,-30.618769998166933],[28.56019999590014,-30.641610002640217],[28.560369997856448,-30.655260001596403],[28.54533999851221,-30.669239998170205],[28.553899990150434,-30.680839999615394],[28.549850000738292,-30.692430003614987],[28.595750001490025,-30.719120000925983],[28.615780002176244,-30.756219999288195],[28.635739998505038,-30.762590000573002],[28.641113076091955,-30.772916349172316],[28.633463535771888,-30.773085378093125],[28.61090029675998,-30.797552185877763],[28.621288536621787,-30.8166724094334],[28.637678516628053,-30.82873943287555],[28.643371277299124,-30.84351010800019],[28.629219433430986,-30.84765036996306],[28.633156631089165,-30.861238481011842],[28.64803000361497,-30.880500002092557],[28.650049998954703,-30.907620000578437],[28.65469999910278,-30.92474999683619],[28.638610000151584,-30.920929998606685],[28.5916499977056,-30.93111000075594],[28.582311001959457,-30.930087997863126],[28.575569997410057,-30.95155000555341],[28.58473000011518,-30.970800003227463],[28.577249997602458,-30.992910002565484],[28.56799999579253,-30.997239998224433],[28.55332999724147,-30.992229998325115],[28.548585001211702,-31.009959996600465],[28.55517000019113,-31.017359996778975],[28.52592000115627,-31.04885999758643],[28.505279999297823,-31.049410003343002],[28.495389993452452,-31.056870000168008],[28.51874000090294,-31.07003000011719],[28.52567999665775,-31.107669996886735],[28.538569996788215,-31.102259997219022],[28.53957999935647,-31.090389996195793],[28.563360002185583,-31.08991000308504],[28.56279000071665,-31.10073000206134],[28.592139997919865,-31.10657000323026],[28.600980009828564,-31.088230001705494],[28.633730001393587,-31.104310002639707],[28.643089998744763,-31.09992000443631],[28.653599997632977,-31.11385000103387],[28.694579998773886,-31.12004000277972],[28.69799000011095,-31.128770002883815],[28.675479999675595,-31.134970004269167],[28.671539998631243,-31.16135999991708],[28.685310001445686,-31.164320001175067],[28.682269998344314,-31.179260000063994],[28.693479998105104,-31.19153999867635],[28.677979995986885,-31.19901000228401],[28.67267000292932,-31.185230002257864],[28.6533600014458,-31.194760001798787],[28.65469000091931,-31.20204999711306],[28.63501000233201,-31.213959998589228],[28.61938999846004,-31.23686999904066],[28.582249999380636,-31.24108000730953],[28.548099996856095,-31.235390002243772],[28.53788000150389,-31.245999998815773],[28.520299999532153,-31.243100002424654],[28.49780000587731,-31.25027000430253],[28.485500002041295,-31.266360002921985],[28.465269998797222,-31.280429998712055],[28.46597000033286,-31.298760001313322],[28.455989994302477,-31.30683999857855],[28.470400000862647,-31.32358000083441],[28.495059997164443,-31.326320001818164],[28.499259997629565,-31.332629999157678],[28.490590003757546,-31.366789999361387],[28.483900003357466,-31.374149999403468],[28.46277000223967,-31.383040002418422],[28.44398000161902,-31.386469997978825],[28.44412999894901,-31.3978000009086],[28.428679997485336,-31.403609999959276],[28.427169996883013,-31.41870000428617],[28.407309998810142,-31.427719998573576],[28.398560003175554,-31.46755999889775],[28.382319998742204,-31.480550005068334],[28.38126500055236,-31.48000000077829],[28.36340999674255,-31.502230002918033],[28.37334000354233,-31.523889996879365],[28.381100003383676,-31.558009996764373],[28.364360001343663,-31.573230001374846],[28.339360002014203,-31.578559998732143],[28.325549999785064,-31.586449998289527],[28.30901000210892,-31.61831999705247],[28.32196999764589,-31.632830000891477],[28.30765999772371,-31.65623999905652],[28.31208999778176,-31.688650002770586],[28.329505002398058,-31.69462500096045],[28.329700002448607,-31.707400002346525],[28.34414000339627,-31.71695999599242],[28.344440004638063,-31.73458999665984],[28.338620000269447,-31.759699999939855],[28.3505800007196,-31.766489997577033],[28.352890000114854,-31.783790002881805],[28.323860000612843,-31.79075999959415],[28.33781999962893,-31.80446999723594],[28.340899995487536,-31.821429999129798],[28.351969997755138,-31.828649999613617],[28.327379997513663,-31.8282300037173],[28.327639998027774,-31.837739998835154],[28.30185999696583,-31.840309999175304],[28.305349998562512,-31.82825000007735],[28.293559998952535,-31.810780001769075],[28.26333000104924,-31.79132000263049],[28.25194000137028,-31.795609996981533],[28.234970000769568,-31.837169997823093],[28.235530003790732,-31.847799997724206],[28.22446000219876,-31.860929995964604],[28.236179998478413,-31.869350004342877],[28.22213999689905,-31.89595000183465],[28.209599997115475,-31.928319998162095],[28.20887999939685,-31.94565000500717],[28.19468000286546,-31.966410000992045],[28.16656899998509,-31.97004200427683],[28.141396000411866,-31.982635003272183],[28.128437042424657,-31.995105743362068],[28.06398773188996,-32.01730346705171],[28.04638290381777,-32.04082107480914],[28.0188488583634,-32.04318129290001],[28.010034441556574,-32.036391665753136],[27.999670002405132,-32.04053000325855],[27.966480001956416,-32.062740000787834],[27.950199996482592,-32.0818899997961],[27.92870999691403,-32.074750001445175],[27.889110002226072,-32.04975000343617],[27.88102999693866,-32.07152000015466],[27.863819999953673,-32.0771900012604],[27.884950001411593,-32.10413000113467],[27.895459999507082,-32.12283000068348],[27.886620003914704,-32.12801000233238],[27.860878209123914,-32.13252290613717],[27.8288599995754,-32.11822000127217],[27.841269998577804,-32.111379987813585],[27.83314000284099,-32.09320998923364],[27.81530999846349,-32.08936000291166],[27.809527000606252,-32.07952199918144],[27.792340000490384,-32.08942000065362],[27.787560000473437,-32.104599995845106],[27.775190001248134,-32.10948000274197],[27.792770002737264,-32.1329999967545],[27.816539999738325,-32.14716999944307],[27.819359995344673,-32.16302999858496],[27.80439000134659,-32.161410004332886],[27.81277000014022,-32.183239999326375],[27.794669995494594,-32.20033999927689],[27.78767000419233,-32.2170599974369],[27.760369996730788,-32.211249998176996],[27.758949997437625,-32.222679997873215],[27.77160000135996,-32.23659999737331],[27.78417000391067,-32.24176000135475],[27.779970002519033,-32.25388000521596],[27.765019997124988,-32.25881000286407],[27.769680004045835,-32.27556000326767],[27.76335000307777,-32.28673000292919],[27.778280002749984,-32.31750999838021],[27.768079996932805,-32.31878999885046],[27.758832938639728,-32.33196806490174],[27.74994000007703,-32.34830999666221],[27.727169999204783,-32.33756000174842],[27.718889996646347,-32.34006999733562],[27.712189999418094,-32.36126000263382],[27.726580001164606,-32.36513999914376],[27.76447999929815,-32.41816000219837],[27.785879998548797,-32.41502000070235],[27.79185000105503,-32.39862000193995],[27.776780001934842,-32.396450001699364],[27.765930001420084,-32.37998999788404],[27.778380000684937,-32.37409999701349],[27.809629998648393,-32.380000003972846],[27.829229997039597,-32.39133999640619],[27.82668999924715,-32.39884000222469],[27.838919999171573,-32.40930000226281],[27.851750002710265,-32.40653999640864],[27.85824999792803,-32.387630001921224],[27.868190002965875,-32.37913999875279],[27.881769998868194,-32.38267000182067],[27.90715000089972,-32.40546999743545],[27.916879996807566,-32.426090003421606],[27.914990002218808,-32.43806000181726],[27.88974999060929,-32.44348999697283],[27.893980002609506,-32.45614999984427],[27.90402999596169,-32.4566700019809],[27.929610001727735,-32.472260002648],[27.945830001516086,-32.476499997886],[27.954880000026666,-32.4684100024472],[27.964909996763897,-32.47879000018285],[27.946680000395784,-32.48973000139904],[27.955580001574763,-32.50652999964746],[27.983000003040264,-32.509850000655945],[28.00078000141406,-32.50820000288481],[28.01475999702051,-32.51490000125412],[28.037359996481534,-32.499949996221936],[28.045479994585214,-32.50164000281786],[28.047360000460664,-32.536380003046325],[28.06623999947673,-32.534840001230336],[28.079189997119936,-32.52149000299578],[28.092229994796963,-32.51893000118894],[28.109640003770505,-32.52669000037117],[28.12755001029768,-32.5254199977281],[28.131720001618135,-32.51895999555642],[28.11843999952671,-32.50372000269683],[28.13053000792031,-32.49302999726679],[28.14541999982001,-32.50955998923171],[28.1537199903368,-32.534440001425324],[28.16331000228448,-32.53911999580044],[28.17782999719697,-32.534160003635996],[28.192380002381256,-32.536899997423255],[28.18987999661174,-32.55431999633093],[28.16893000415488,-32.56817999761417],[28.200790003666757,-32.585750002395706],[28.211319998625534,-32.57378000273517],[28.2227400010461,-32.57809000079936],[28.2398500004389,-32.60042000072999],[28.249789997376798,-32.620140001239854],[28.268339999702512,-32.601970001387066],[28.28788000131658,-32.60384000767534],[28.29475999951465,-32.62161999775722],[28.315809997798567,-32.632909991766695],[28.33428000011809,-32.62382999908416],[28.348819998808192,-32.623919998696],[28.36188000083038,-32.66746000190289],[28.387635003086743,-32.679600002425],[28.374500001676708,-32.69042999915959],[28.373580000321862,-32.70487000024569],[28.36430000357176,-32.70948999784045],[28.343909997054162,-32.707859996028425],[28.33729999793209,-32.714790001447675],[28.307850002542796,-32.725539996107116],[28.29835999738827,-32.73618000316606],[28.26896999950069,-32.75891000414575],[28.25780999725437,-32.75968000085315],[28.239170002654546,-32.770459998974545],[28.20687000155548,-32.78042999117623],[28.178550002846993,-32.78628999733323],[28.156099999557767,-32.795899998155605],[28.139179998871327,-32.80726000296213],[28.117580002289007,-32.830059997937994],[28.119429995927756,-32.844899999009634],[28.107650002793978,-32.873539996872694],[28.075529994232202,-32.90779499987176],[28.032360004208726,-32.934710001145525],[28.034509999668007,-32.942780000263106],[28.002829998560667,-32.95586999729363],[27.986529997825787,-32.969400001609735],[27.96641999698856,-32.9750099972933],[27.95194000289233,-32.98668000161359],[27.952170001003832,-32.99546999901113],[27.922610002111465,-33.01159999898478],[27.919659998801983,-33.02961000382096],[27.899059989960055,-33.04451000163404],[27.888279999820274,-33.0451300023037],[27.850160001817738,-33.06692000437068],[27.828559997834457,-33.07601000257177],[27.82561000194855,-33.08467999823048],[27.805410000603835,-33.08922999972235],[27.78211999824784,-33.10261999859152],[27.761789996494322,-33.105800000747635],[27.727969997879725,-33.12144000102878],[27.70075000000488,-33.15246999928128],[27.664069999273085,-33.17270000274211],[27.659300003474105,-33.18038000022809],[27.634100000680142,-33.200790002924876],[27.614929997711798,-33.20777999696035],[27.608599996833195,-33.21818999810452],[27.582830008669895,-33.22641999972537],[27.576670001469964,-33.234319997645635],[27.52947000257363,-33.25548000192255],[27.51752999896574,-33.26855000166044],[27.491829999507782,-33.28203999773284],[27.481559996717557,-33.2972100039468],[27.463840004189876,-33.307150001149495],[27.4358900025243,-33.31705999585566],[27.42247000121188,-33.33365999858431],[27.375860000521268,-33.356810003878195],[27.35370999883744,-33.36493000188399],[27.338660003631382,-33.378959997361896],[27.32652000346454,-33.382200003586426],[27.266300002690006,-33.42173000308811],[27.242790000267757,-33.43189999876843],[27.210619999623837,-33.462489996009346],[27.195879996802955,-33.463189998311584],[27.16503999663661,-33.47352999525783],[27.143329996393145,-33.48719000118046],[27.13559999981561,-33.496329998574524]]]},"properties":{"Union":"Iinyathi"}},{"type":"Feature","geometry":{"type":"Polygon","coordinates":[[[28.387635003086743,-32.679600002425],[28.36188000083038,-32.66746000190289],[28.348819998808192,-32.623919998696],[28.33428000011809,-32.62382999908416],[28.315809997798567,-32.632909991766695],[28.29475999951465,-32.62161999775722],[28.28788000131658,-32.60384000767534],[28.268339999702512,-32.601970001387066],[28.249789997376798,-32.620140001239854],[28.2398500004389,-32.60042000072999],[28.2227400010461,-32.57809000079936],[28.211319998625534,-32.57378000273517],[28.200790003666757,-32.585750002395706],[28.16893000415488,-32.56817999761417],[28.18987999661174,-32.55431999633093],[28.192380002381256,-32.536899997423255],[28.17782999719697,-32.534160003635996],[28.16331000228448,-32.53911999580044],[28.1537199903368,-32.534440001425324],[28.14541999982001,-32.50955998923171],[28.13053000792031,-32.49302999726679],[28.11843999952671,-32.50372000269683],[28.131720001618135,-32.51895999555642],[28.12755001029768,-32.5254199977281],[28.109640003770505,-32.52669000037117],[28.092229994796963,-32.51893000118894],[28.079189997119936,-32.52149000299578],[28.06623999947673,-32.534840001230336],[28.047360000460664,-32.536380003046325],[28.045479994585214,-32.50164000281786],[28.037359996481534,-32.499949996221936],[28.01475999702051,-32.51490000125412],[28.00078000141406,-32.50820000288481],[27.983000003040264,-32.509850000655945],[27.955580001574763,-32.50652999964746],[27.946680000395784,-32.48973000139904],[27.964909996763897,-32.47879000018285],[27.954880000026666,-32.4684100024472],[27.945830001516086,-32.476499997886],[27.929610001727735,-32.472260002648],[27.90402999596169,-32.4566700019809],[27.893980002609506,-32.45614999984427],[27.88974999060929,-32.44348999697283],[27.914990002218808,-32.43806000181726],[27.916879996807566,-32.426090003421606],[27.90715000089972,-32.40546999743545],[27.881769998868194,-32.38267000182067],[27.868190002965875,-32.37913999875279],[27.85824999792803,-32.387630001921224],[27.851750002710265,-32.40653999640864],[27.838919999171573,-32.40930000226281],[27.82668999924715,-32.39884000222469],[27.829229997039597,-32.39133999640619],[27.809629998648393,-32.380000003972846],[27.778380000684937,-32.37409999701349],[27.765930001420084,-32.37998999788404],[27.776780001934842,-32.396450001699364],[27.79185000105503,-32.39862000193995],[27.785879998548797,-32.41502000070235],[27.76447999929815,-32.41816000219837],[27.726580001164606,-32.36513999914376],[27.712189999418094,-32.36126000263382],[27.718889996646347,-32.34006999733562],[27.727169999204783,-32.33756000174842],[27.74994000007703,-32.34830999666221],[27.758832938639728,-32.33196806490174],[27.768079996932805,-32.31878999885046],[27.778280002749984,-32.31750999838021],[27.76335000307777,-32.28673000292919],[27.769680004045835,-32.27556000326767],[27.765019997124988,-32.25881000286407],[27.779970002519033,-32.25388000521596],[27.78417000391067,-32.24176000135475],[27.77160000135996,-32.23659999737331],[27.758949997437625,-32.222679997873215],[27.760369996730788,-32.211249998176996],[27.78767000419233,-32.2170599974369],[27.794669995494594,-32.20033999927689],[27.81277000014022,-32.183239999326375],[27.80439000134659,-32.161410004332886],[27.819359995344673,-32.16302999858496],[27.816539999738325,-32.14716999944307],[27.792770002737264,-32.1329999967545],[27.775190001248134,-32.10948000274197],[27.787560000473437,-32.104599995845106],[27.792340000490384,-32.08942000065362],[27.809527000606252,-32.07952199918144],[27.81530999846349,-32.08936000291166],[27.83314000284099,-32.09320998923364],[27.841269998577804,-32.111379987813585],[27.8288599995754,-32.11822000127217],[27.860878209123914,-32.13252290613717],[27.886620003914704,-32.12801000233238],[27.895459999507082,-32.12283000068348],[27.884950001411593,-32.10413000113467],[27.863819999953673,-32.0771900012604],[27.88102999693866,-32.07152000015466],[27.889110002226072,-32.04975000343617],[27.92870999691403,-32.074750001445175],[27.950199996482592,-32.0818899997961],[27.966480001956416,-32.062740000787834],[27.999670002405132,-32.04053000325855],[28.010034441556574,-32.036391665753136],[28.0188488583634,-32.04318129290001],[28.04638290381777,-32.04082107480914],[28.06398773188996,-32.01730346705171],[28.128437042424657,-31.995105743362068],[28.141396000411866,-31.982635003272183],[28.16656899998509,-31.97004200427683],[28.19468000286546,-31.966410000992045],[28.20887999939685,-31.94565000500717],[28.209599997115475,-31.928319998162095],[28.22213999689905,-31.89595000183465],[28.236179998478413,-31.869350004342877],[28.22446000219876,-31.860929995964604],[28.235530003790732,-31.847799997724206],[28.234970000769568,-31.837169997823093],[28.25194000137028,-31.795609996981533],[28.26333000104924,-31.79132000263049],[28.293559998952535,-31.810780001769075],[28.305349998562512,-31.82825000007735],[28.30185999696583,-31.840309999175304],[28.327639998027774,-31.837739998835154],[28.327379997513663,-31.8282300037173],[28.351969997755138,-31.828649999613617],[28.340899995487536,-31.821429999129798],[28.33781999962893,-31.80446999723594],[28.323860000612843,-31.79075999959415],[28.352890000114854,-31.783790002881805],[28.3505800007196,-31.766489997577033],[28.338620000269447,-31.759699999939855],[28.344440004638063,-31.73458999665984],[28.34414000339627,-31.71695999599242],[28.329700002448607,-31.707400002346525],[28.329505002398058,-31.69462500096045],[28.31208999778176,-31.688650002770586],[28.30765999772371,-31.65623999905652],[28.32196999764589,-31.632830000891477],[28.30901000210892,-31.61831999705247],[28.325549999785064,-31.586449998289527],[28.339360002014203,-31.578559998732143],[28.364360001343663,-31.573230001374846],[28.381100003383676,-31.558009996764373],[28.37334000354233,-31.523889996879365],[28.36340999674255,-31.502230002918033],[28.38126500055236,-31.48000000077829],[28.382319998742204,-31.480550005068334],[28.398560003175554,-31.46755999889775],[28.407309998810142,-31.427719998573576],[28.427169996883013,-31.41870000428617],[28.428679997485336,-31.403609999959276],[28.44412999894901,-31.3978000009086],[28.44398000161902,-31.386469997978825],[28.46277000223967,-31.383040002418422],[28.483900003357466,-31.374149999403468],[28.490590003757546,-31.366789999361387],[28.499259997629565,-31.332629999157678],[28.495059997164443,-31.326320001818164],[28.470400000862647,-31.32358000083441],[28.455989994302477,-31.30683999857855],[28.46597000033286,-31.298760001313322],[28.465269998797222,-31.280429998712055],[28.485500002041295,-31.266360002921985],[28.49780000587731,-31.25027000430253],[28.520299999532153,-31.243100002424654],[28.53788000150389,-31.245999998815773],[28.548099996856095,-31.235390002243772],[28.582249999380636,-31.24108000730953],[28.61938999846004,-31.23686999904066],[28.63501000233201,-31.213959998589228],[28.65469000091931,-31.20204999711306],[28.6533600014458,-31.194760001798787],[28.67267000292932,-31.185230002257864],[28.677979995986885,-31.19901000228401],[28.693479998105104,-31.19153999867635],[28.682269998344314,-31.179260000063994],[28.685310001445686,-31.164320001175067],[28.671539998631243,-31.16135999991708],[28.675479999675595,-31.134970004269167],[28.69799000011095,-31.128770002883815],[28.694579998773886,-31.12004000277972],[28.653599997632977,-31.11385000103387],[28.643089998744763,-31.09992000443631],[28.633730001393587,-31.104310002639707],[28.600980009828564,-31.088230001705494],[28.592139997919865,-31.10657000323026],[28.56279000071665,-31.10073000206134],[28.563360002185583,-31.08991000308504],[28.53957999935647,-31.090389996195793],[28.538569996788215,-31.102259997219022],[28.52567999665775,-31.107669996886735],[28.51874000090294,-31.07003000011719],[28.495389993452452,-31.056870000168008],[28.505279999297823,-31.049410003343002],[28.52592000115627,-31.04885999758643],[28.55517000019113,-31.017359996778975],[28.548585001211702,-31.009959996600465],[28.55332999724147,-30.992229998325115],[28.56799999579253,-30.997239998224433],[28.577249997602458,-30.992910002565484],[28.58473000011518,-30.970800003227463],[28.575569997410057,-30.95155000555341],[28.582311001959457,-30.930087997863126],[28.5916499977056,-30.93111000075594],[28.638610000151584,-30.920929998606685],[28.65469999910278,-30.92474999683619],[28.650049998954703,-30.907620000578437],[28.64803000361497,-30.880500002092557],[28.633156631089165,-30.861238481011842],[28.629219433430986,-30.84765036996306],[28.643371277299124,-30.84351010800019],[28.637678516628053,-30.82873943287555],[28.621288536621787,-30.8166724094334],[28.61090029675998,-30.797552185877763],[28.633463535771888,-30.773085378093125],[28.641113076091955,-30.772916349172316],[28.635739998505038,-30.762590000573002],[28.615780002176244,-30.756219999288195],[28.595750001490025,-30.719120000925983],[28.549850000738292,-30.692430003614987],[28.553899990150434,-30.680839999615394],[28.54533999851221,-30.669239998170205],[28.560369997856448,-30.655260001596403],[28.56019999590014,-30.641610002640217],[28.552350005439187,-30.618769998166933],[28.54204000333104,-30.600789995610974],[28.540550007971927,-30.588989998718503],[28.513720003851272,-30.565059999273227],[28.524890003480813,-30.548240003210353],[28.54701000243727,-30.548669998286034],[28.569840000220186,-30.496290006381283],[28.589249999980083,-30.490190004373694],[28.592240004220905,-30.483879999291187],[28.616029996527136,-30.47224000414675],[28.60218000068434,-30.4582599996211],[28.586280007734516,-30.452620002609397],[28.576969992727687,-30.43717999815988],[28.545420000684864,-30.4482700038229],[28.536180005227052,-30.467260000123794],[28.506500002585508,-30.46921999837241],[28.5104000030072,-30.45148999860972],[28.501670002496336,-30.435910003072244],[28.48084000412001,-30.42229999740718],[28.458139998061842,-30.423179998311642],[28.44826200114857,-30.427900008946654],[28.43699000022575,-30.419229999292963],[28.42148000115889,-30.421149996170247],[28.39489000098939,-30.403949996687402],[28.372539995733867,-30.404289999722558],[28.334480011163624,-30.392620003337466],[28.328960000205512,-30.385909998435373],[28.293819999729237,-30.372619998089554],[28.268770003412147,-30.373729997418398],[28.268789999095137,-30.35176000407783],[28.256919997519383,-30.34655999909224],[28.252780000672335,-30.323320002123307],[28.215359997460123,-30.306809998937688],[28.206910003186255,-30.290670001166884],[28.214590000433954,-30.286400004346017],[28.236430001168753,-30.259939996746496],[28.26018000148522,-30.256270002876636],[28.305709997824362,-30.255080002329272],[28.313489993228345,-30.240670004421357],[28.340290003214868,-30.234610002222908],[28.34514999669762,-30.212760002629786],[28.365100002634236,-30.16862000440832],[28.381690000367254,-30.169400007348685],[28.399800003436948,-30.143680001955296],[28.451470002488715,-30.15783999789798],[28.472910002529726,-30.154919997038206],[28.48064000001911,-30.148950002799374],[28.49982999862808,-30.150990003275105],[28.536670003811295,-30.124850001676784],[28.568249998915807,-30.122860000899436],[28.61933000144416,-30.135499998781288],[28.626940003428594,-30.13173000008941],[28.65017000099618,-30.133699995717603],[28.66760999673786,-30.140710001595522],[28.689889998257392,-30.12428999857903],[28.76179999967781,-30.105490000590834],[28.79117000107655,-30.109399999219338],[28.807600002576073,-30.097340000039683],[28.831289997769222,-30.09760999963549],[28.85879000104897,-30.08822999716372],[28.87894000262745,-30.06982000077692],[28.90306999939428,-30.065910002808007],[28.91063000240688,-30.05919000005084],[28.935739996631686,-30.049449997557023],[28.940789997384833,-30.036519996786737],[28.96022999933197,-30.03806999729909],[28.9853300035114,-30.031369998899553],[29.0058900039419,-30.00442999784969],[29.014739972064117,-30.001799970224205],[29.044949978217538,-30.01296998164335],[29.067829964859747,-30.044039954890756],[29.090130029663438,-30.056699981291047],[29.107339964189194,-30.078489958366706],[29.117240037306562,-30.100189968241214],[29.119359969874075,-30.122479970154846],[29.11537996968499,-30.132509970581744],[29.12126995905056,-30.142919967141776],[29.117389971532685,-30.15959996622709],[29.10368997255577,-30.180540036301412],[29.113749973040534,-30.190459968927943],[29.11026997187589,-30.199319966817885],[29.132209968619577,-30.21635996985876],[29.126009970590683,-30.238479970688157],[29.137169970589042,-30.262339971884963],[29.151149972143408,-30.256639969423908],[29.163219972775224,-30.273689971398255],[29.188109973253354,-30.288739967630825],[29.227529972179166,-30.29744997843083],[29.233359970305514,-30.306309960884718],[29.25471997023147,-30.30482996886358],[29.231459969630485,-30.26905996785276],[29.23683997077443,-30.266889969034697],[29.26219996962005,-30.27839996998706],[29.301859964613044,-30.32011995684584],[29.291859979937346,-30.345639979684957],[29.29878995880177,-30.353209959971075],[29.30500997618018,-30.379859950128207],[29.27709006048983,-30.376249987615676],[29.28243995148096,-30.395730026910194],[29.238199969040704,-30.404940035201747],[29.218469972600897,-30.421189969790177],[29.19676998216951,-30.434390035238895],[29.198359970203057,-30.462339968635558],[29.187849970751696,-30.48424996745442],[29.177309971953836,-30.51572996917307],[29.150359970984557,-30.510389966669415],[29.14482997189949,-30.53098996862305],[29.15774997324585,-30.553829969912755],[29.15145997325501,-30.560369969207226],[29.115259999038575,-30.57962002403359],[29.123829957946647,-30.58707996290437],[29.146039939003288,-30.59523996896703],[29.135250001490164,-30.605139978171596],[29.168099981162413,-30.613079980386296],[29.181899960845215,-30.640949961653973],[29.198629972136338,-30.633299967955892],[29.204869969676462,-30.620139971233947],[29.261329976346893,-30.6211599768632],[29.2773199595826,-30.637279962133128],[29.30351996976596,-30.63935003533311],[29.322499978523858,-30.644479977738257],[29.345639974666106,-30.67172996765433],[29.372800038242264,-30.64896003496409],[29.385529970772897,-30.650119970682937],[29.40134004015452,-30.639439970945322],[29.442990036028043,-30.639039970338743],[29.46858996979554,-30.624159970855853],[29.51235997199276,-30.618219983391405],[29.5242899699147,-30.641160036448124],[29.543550295618402,-30.64718652993651],[29.572200040725626,-30.65514997290956],[29.58072998439958,-30.65415997595879],[29.594189971132096,-30.667439971787392],[29.599509972873896,-30.68951996974564],[29.631579973187012,-30.684329969673414],[29.65151997889147,-30.685840022435087],[29.67536998206604,-30.669939979108513],[29.68720997077509,-30.688229971113902],[29.707929959012198,-30.704789961168597],[29.73502996954376,-30.708699972352875],[29.73904997898206,-30.717679979772853],[29.77057003713255,-30.718599971144485],[29.778199973107874,-30.697159968887213],[29.8012899721706,-30.708679968976686],[29.804449971493877,-30.723149971707183],[29.833359971217906,-30.742559970363164],[29.849239962616203,-30.7387199602035],[29.85260998310783,-30.761600027241563],[29.871719971006367,-30.754769967923135],[29.896124957421343,-30.76901004330664],[29.915949942261058,-30.774459940874507],[29.92169998099199,-30.769160033134987],[29.94686997250874,-30.769949970044564],[29.955329970999163,-30.787579969574722],[29.940599971424614,-30.792129971433116],[29.932559981866643,-30.807929979737565],[29.968009972454393,-30.809549970347035],[29.961164980430443,-30.8231699716879],[29.974799962504935,-30.838079956215058],[30.00049997252031,-30.837399969857795],[30.022209969889925,-30.848079970430547],[30.062189970201906,-30.848059970935044],[30.092709971186522,-30.862229967987712],[30.093634974419793,-30.876964970607055],[30.109169973539558,-30.884489971194657],[30.113519974174174,-30.900109969372206],[30.131939969534475,-30.909009970896292],[30.14635003661282,-30.93106997003589],[30.13781997023515,-30.940829967961246],[30.141049971592825,-30.95100996925782],[30.134479973710203,-30.96378996932151],[30.156289973237406,-30.97654996855783],[30.14128997082738,-30.98731996777527],[30.136159974046166,-31.00737003455691],[30.142759982523017,-31.0228200268501],[30.17014997257892,-31.02647996756582],[30.16314997449664,-31.04923003514279],[30.175918972649526,-31.065545972167143],[30.18682997153426,-31.068159970750802],[30.19385979380071,-31.081260201930046],[30.174140009220565,-31.113239999425844],[30.163550001115368,-31.120270002272136],[30.153040003447423,-31.141580002893583],[30.123130002868436,-31.16291999777944],[30.1195500005156,-31.177979998893477],[30.103309997154874,-31.18648999893809],[30.085200003406214,-31.21108999689491],[30.069870002173555,-31.221499997665003],[30.068720001874322,-31.23765999956334],[30.04763999990975,-31.247559996949466],[30.043990003089426,-31.259219995728944],[30.030319999319858,-31.27373999895825],[30.01077000035289,-31.287919999283243],[30.007870004207795,-31.298040011042847],[29.96778000127009,-31.328440003251163],[29.957959997648324,-31.344989998815848],[29.940140006518746,-31.361029999187494],[29.921449997482004,-31.37086999857489],[29.907279995925574,-31.390840000824],[29.87467000287417,-31.407240001066913],[29.868570000616735,-31.42169999773185],[29.83445999902535,-31.443250003368036],[29.78328999731007,-31.443520003389164],[29.75918999572794,-31.452390000698305],[29.740079997923452,-31.466830001662004],[29.73430000172566,-31.479080006988337],[29.690979999517552,-31.528199995422728],[29.684509998560515,-31.529989999703677],[29.670249997113064,-31.549179998827775],[29.661670002061076,-31.549579998949795],[29.633840002883925,-31.566800002102653],[29.623910003121555,-31.586009997898138],[29.60756000300304,-31.593139999392417],[29.5971399955657,-31.60384000258155],[29.58270000281688,-31.608820000188548],[29.54910299815665,-31.628037998811504],[29.54481000377712,-31.642570001842255],[29.520359993897383,-31.648370003091863],[29.501869996397208,-31.66470999671961],[29.473859997320034,-31.67738999607361],[29.459309999687996,-31.676269997609463],[29.42226000117419,-31.69168999772272],[29.41150999820497,-31.714069998270965],[29.403500003486517,-31.719090004373175],[29.402770000223526,-31.73420000407984],[29.35672000078541,-31.758519997075783],[29.35536999681435,-31.787059995785846],[29.346310000907668,-31.80493999995533],[29.327960002094986,-31.80776000299022],[29.320399998955914,-31.81048000004862],[29.260480001442065,-31.869769999654125],[29.261760000508257,-31.88124000142039],[29.24183999776232,-31.895230002765913],[29.241749997799683,-31.904190001995065],[29.2144999981144,-31.93110999832233],[29.212350001667303,-31.9451000002359],[29.18630000059342,-31.949629998415222],[29.168499999435923,-31.965390001317818],[29.153500002993415,-31.986279997320654],[29.135820010383345,-31.99591000317271],[29.13016999898032,-32.01910000026925],[29.111299996969482,-32.03258999685441],[29.093410002587344,-32.05934999831933],[29.086770002295665,-32.07923999912034],[29.06769999712825,-32.08896000379333],[29.061259992433758,-32.101969998819165],[29.05074000351918,-32.103339999611585],[29.010169998934902,-32.13359000200993],[29.010269997015673,-32.14305999739636],[28.976059996637183,-32.179299998433855],[28.9618500030022,-32.18708000056729],[28.946440001426446,-32.20481999908112],[28.94330000001995,-32.21841999883717],[28.927780002017922,-32.226719996903384],[28.921249997329557,-32.239999998549024],[28.897009997394665,-32.246869998994036],[28.896990000599224,-32.25711999641888],[28.882419998748567,-32.27984999744817],[28.85985999955128,-32.29100000000242],[28.855410003400916,-32.29841999621853],[28.831739997288945,-32.305480000974285],[28.81618999582572,-32.328229998263275],[28.778410000791897,-32.349399999969435],[28.772569998533257,-32.360590003859286],[28.751940004507105,-32.37428999468806],[28.74669999770028,-32.393199996581735],[28.724480001523293,-32.40501999935073],[28.675563001962235,-32.44858800173961],[28.65934999988225,-32.458019997867154],[28.65695999895634,-32.471770004258936],[28.645189996328863,-32.4808600027121],[28.61588999816843,-32.4926000028423],[28.603590002981303,-32.5028199981955],[28.5961400038032,-32.519140003787825],[28.582450003406233,-32.523069997957485],[28.576570001051213,-32.53656000273924],[28.55786000295497,-32.54955999980216],[28.55158999889255,-32.572619995819444],[28.539179998593706,-32.575139997378834],[28.511730002747022,-32.60318999658335],[28.485089997344158,-32.60914000268584],[28.4726199999674,-32.61996999974294],[28.45072000241772,-32.623959998984816],[28.431509998167982,-32.63318999683685],[28.424779996721814,-32.64723998879205],[28.387635003086743,-32.679600002425]]]},"properties":{"Union":"Kei"}},{"type":"Feature","geometry":{"type":"Polygon","coordinates":[[[24.506269999876125,-31.706830002164498],[24.4699400013857,-31.706480000428705],[24.44125000298187,-31.712609997697516],[24.423289998918513,-31.711639996309504],[24.345990001199166,-31.7144800047155],[24.324689998401862,-31.724060000670274],[24.322370000482984,-31.741780003454103],[24.314030004617955,-31.75129999827978],[24.2850200013157,-31.76517999637378],[24.26825000293314,-31.766669997347286],[24.248410000725258,-31.760359998605544],[24.22580000558862,-31.747549999893334],[24.161589996122327,-31.74014999364957],[24.14740999459949,-31.767279998229345],[24.152459995272217,-31.788609998403018],[24.102239998886965,-31.792580000260728],[24.07094000178568,-31.807089996716083],[24.05607999543665,-31.775960009396798],[24.043120001257556,-31.76732999662805],[24.028519996616016,-31.730170000774113],[24.029089999004707,-31.72197000198463],[24.046719998964747,-31.70667999431453],[23.963060001268072,-31.706670007150798],[23.96646000052365,-31.71542000180569],[23.95148000324084,-31.74896999267908],[23.948659998525187,-31.773330000955657],[23.917860000460657,-31.795360004143365],[23.915869997150445,-31.82199999801786],[23.894040004999066,-31.836779997958764],[23.87863000162033,-31.83368000499022],[23.837850002027196,-31.783339994426658],[23.837150002789294,-31.76790999774344],[23.80852000169247,-31.76365999830995],[23.847620002075697,-31.72921999671267],[23.841550002342164,-31.715060000582604],[23.815660000979257,-31.71415999642052],[23.77747000227014,-31.697059998189484],[23.756489996037956,-31.695710002197778],[23.73449000225843,-31.6545700046849],[23.715130000115934,-31.64704000436237],[23.688750000099166,-31.649599997364998],[23.63948000146824,-31.660099995979223],[23.619140001191674,-31.649430002691375],[23.59449000552009,-31.662250001154852],[23.574530000384,-31.68916999683437],[23.53547000369621,-31.691770001420316],[23.52388999926238,-31.705329997990997],[23.49610999710069,-31.70268999925912],[23.42314000452236,-31.682140002348905],[23.416450004846716,-31.672220002733066],[23.401729993596565,-31.699569999839074],[23.407089997452587,-31.713800000286977],[23.387099998769035,-31.714800002148035],[23.345110011130288,-31.710889997926312],[23.30241999987694,-31.730149999423606],[23.263440003439083,-31.778340000675566],[23.262359996401113,-31.815390000980905],[23.225030003807802,-31.854039997653285],[23.230369999059388,-31.87569000292984],[23.171159999106166,-31.918140003379936],[23.13944999468293,-31.951539998618728],[23.11883999676495,-31.96007000212486],[23.104349998330427,-31.960609999327993],[23.098489990736066,-31.977700002161217],[23.087619999390338,-31.972290000603305],[23.07089000483513,-31.95381000274467],[23.05866999791295,-31.954840002430263],[23.052589998849285,-31.93978000142448],[23.052260002487497,-31.910289989580637],[23.0673899998907,-31.890739995872416],[23.038710001138732,-31.87744999808155],[22.975830001715437,-31.860829998641652],[22.953819997043865,-31.862969997405497],[22.901950001082323,-31.87576999799847],[22.874719999106954,-31.86164000311793],[22.858970002087613,-31.81828999955633],[22.82529000084814,-31.837659997067274],[22.776879999290493,-31.85691000023367],[22.75749999843173,-31.827540000261592],[22.735100004358006,-31.79937999617515],[22.651529996722093,-31.821670001611142],[22.614919996719266,-31.8228700025994],[22.578340001015988,-31.80551000130495],[22.609400004654027,-31.739819998065045],[22.61907000309483,-31.724650001002313],[22.5661399960323,-31.713170000277977],[22.564814989526635,-31.677919994778836],[22.495760000986866,-31.670339996071924],[22.433249996820585,-31.638180001576274],[22.355140002587945,-31.605410004778445],[22.31229000180888,-31.58346000217899],[22.27291999946585,-31.592540000972576],[22.260100001457147,-31.662470001324323],[22.24987999948377,-31.664659997345694],[22.237379998164368,-31.702979999017536],[22.204009999589182,-31.764030002159434],[22.20627999949971,-31.79225000266847],[22.159860000121892,-31.8097399985868],[22.176880003005788,-31.820719997961966],[22.16659999887711,-31.89308999861417],[22.13150000115274,-31.884260000622373],[22.11586999913794,-31.862630002237356],[22.078860002280067,-31.854889996580777],[22.086050000353183,-31.879159998900782],[22.101439997956163,-31.898719995447625],[22.100399999412158,-31.92433999773022],[22.0713300025539,-31.939299997406604],[22.08923000069964,-31.974349999798527],[22.094980003344883,-32.001059998683836],[22.0741249947074,-32.01791500229399],[22.0935899998174,-32.04591999713025],[22.133959996358996,-32.06439000096687],[22.11995000030013,-32.07697000107018],[22.089650006038354,-32.14637999766911],[22.069559999391238,-32.081449999356416],[22.016439989401423,-32.114259995063925],[21.995920001592527,-32.20298000401982],[21.971240000631926,-32.21642999733957],[21.936205002450453,-32.222880004215085],[21.924600005608795,-32.26196000070899],[21.907439998380024,-32.252799998924694],[21.90165000376114,-32.270910002788504],[21.87416999661579,-32.276569996186005],[21.85510999718457,-32.27550999493523],[21.780619996130298,-32.25092999983446],[21.770249998467378,-32.23840999696819],[21.77299999755879,-32.22678999971017],[21.74604999632902,-32.225230002603915],[21.73588999876681,-32.20502000118833],[21.711370005606028,-32.22480999687116],[21.69164999429444,-32.24857000160721],[21.673770001026746,-32.24328999521237],[21.644579996989833,-32.20871000127128],[21.6065099970374,-32.209659989364965],[21.594429994254064,-32.21692999364688],[21.54890999646022,-32.228439998546726],[21.53600999934714,-32.22922001042261],[21.549004999870416,-32.29077499563712],[21.561809997723266,-32.314730001720676],[21.5503699969786,-32.32685999557996],[21.519079998725818,-32.33702999850654],[21.47564000133231,-32.33145000181776],[21.443649999938195,-32.354840003592635],[21.42987999784948,-32.37518000316463],[21.408399995333205,-32.36876999950341],[21.352839995275296,-32.39153999790269],[21.30150000541717,-32.37726999568062],[21.303010009331892,-32.402440002309376],[21.28151999905087,-32.4396799967816],[21.269479995050823,-32.450290000694615],[21.23108999821285,-32.46314999813707],[21.1974900017986,-32.49979999772629],[21.18830999647496,-32.50304999526883],[21.182079997716766,-32.50868000319248],[21.140110000634714,-32.58976999399781],[21.15697999518714,-32.628939993995715],[21.094469999972333,-32.65302999992705],[21.06028999417406,-32.65550000148976],[21.037309998586046,-32.64909999751676],[20.9627799976829,-32.63929999730749],[20.84410000138101,-32.6624399950294],[20.822849996268122,-32.69454000017791],[20.78983999906902,-32.711230002967],[20.792199997195038,-32.73503001149174],[20.83033999769714,-32.78457000157296],[20.832429996924333,-32.817370002704415],[20.79855999673812,-32.89475000010902],[20.744209996581972,-32.91288999575676],[20.731169998759146,-32.94499499485012],[20.650339998917687,-32.932270000522834],[20.621899997322224,-32.94314999900574],[20.59006999900202,-32.94298001287565],[20.592100000323054,-32.92646999873223],[20.561229996465592,-32.88096999848241],[20.499299984806918,-32.94162999305333],[20.43859999118227,-32.940060004025085],[20.380049994672333,-32.901849999512294],[20.363879994486823,-32.91081000391132],[20.363859996025294,-32.885949993582734],[20.357169988866932,-32.8640799982784],[20.34164999873664,-32.857809995602494],[20.299899991569067,-32.80495999862029],[20.257289994679553,-32.79965999952038],[20.219039997825625,-32.78473999455094],[20.187609991699002,-32.752670002735286],[20.191719994339728,-32.68575999999668],[20.18140999345156,-32.668099999956475],[20.141189996360943,-32.643739995847525],[20.13689499264968,-32.61097999860361],[20.11472299135739,-32.57022500133957],[20.122789991998445,-32.5569800040396],[20.09680999444881,-32.502959996322055],[20.0964099929363,-32.476679998094156],[20.07968999763706,-32.39749999350184],[20.13201999528951,-32.421120002380825],[20.170449996121768,-32.38086999665216],[20.16351999846832,-32.35102000552029],[20.21602999959775,-32.30315999454637],[20.254169992986412,-32.310849998586676],[20.24624999841873,-32.25257000061636],[20.240839997722656,-32.22418999610013],[20.166359995649472,-32.22749000390895],[20.180919991956603,-32.18454999483448],[20.15182999653889,-32.18651999488844],[20.135909989199362,-32.19231999742018],[20.11898999630878,-32.20697000242391],[20.10926998991596,-32.230140000424306],[20.096959997517306,-32.25023999844495],[20.085009996255568,-32.24826000385886],[20.053609993689694,-32.25231000098817],[20.038619992454034,-32.29644000236264],[20.00444999295444,-32.32993000340453],[19.968169992817202,-32.35050000157516],[19.937489995772367,-32.377279997468804],[19.87388998772933,-32.38320000163368],[19.849489996492586,-32.3662300014894],[19.817800002574728,-32.36071999627962],[19.802699993446815,-32.39370000136504],[19.764129986612467,-32.41112000717602],[19.736619994975314,-32.385519999756625],[19.731309992285254,-32.410129996401835],[19.707389991831686,-32.42030999818457],[19.730239992862742,-32.44235999961805],[19.679739991336895,-32.46350999837024],[19.654869991078225,-32.43877999975031],[19.62184999473506,-32.47062000014535],[19.626469992419313,-32.50204000072515],[19.607119989046733,-32.54538000026209],[19.61199998692388,-32.566549997637956],[19.604949989640456,-32.62945999785065],[19.58723999348845,-32.64778000263594],[19.52824998520707,-32.67323999755122],[19.499169990490813,-32.6120899966092],[19.48680499147861,-32.56543999554643],[19.494969988523604,-32.49893999968933],[19.516169991201313,-32.4861000003631],[19.507099990200505,-32.47314000517933],[19.496369991806343,-32.47481999720804],[19.47977998713945,-32.44133999807567],[19.452269990159063,-32.39680000235814],[19.444359987945532,-32.38994999981529],[19.43019999229649,-32.36570999834887],[19.409079990187305,-32.29007999722855],[19.491499988829045,-32.25237000543256],[19.486239988403508,-32.233889998188324],[19.50224999318164,-32.20539999805105],[19.4927099884543,-32.19856999783452],[19.501389987006153,-32.17986999859421],[19.48403999158984,-32.16159000105509],[19.47521999331429,-32.146289987305266],[19.491089993751164,-32.130069997142925],[19.508339991319314,-32.125899997827126],[19.515189994615106,-32.11519999975145],[19.507499991163872,-32.08609000373464],[19.488529988856524,-32.12119999913547],[19.48335998645169,-32.11366999974007],[19.487959988350834,-32.091540011543096],[19.486129991716176,-32.076179998789414],[19.466709983813253,-32.07181000413617],[19.425909989401912,-32.03129999498222],[19.39584998411064,-32.0151100022629],[19.380439988593526,-32.03756000219282],[19.362969983128856,-32.04284000176599],[19.353049983877455,-32.02792500238974],[19.329779985024683,-32.01257999812163],[19.32334998377591,-31.984800000236767],[19.28986998944038,-31.96510500050722],[19.277509989518897,-31.97970999735794],[19.264839987119423,-31.96573999286249],[19.279839986894334,-31.922000000675983],[19.289679982531307,-31.863039997278214],[19.24406998551281,-31.913859999169354],[19.210709985693107,-31.948039995818213],[19.19967998468966,-31.904770001169485],[19.172319987762005,-31.909770001978288],[19.158799986427198,-31.899500001255362],[19.14244998695253,-31.912080001069594],[19.118119985844977,-31.907139996688617],[19.109349986583027,-31.898129999031177],[19.08988998607009,-31.895129995077422],[19.053499981131477,-31.879030000182134],[19.02621998395032,-31.876639997898128],[19.034409984307576,-31.859609999728153],[19.030459979927034,-31.833619998023853],[19.04677998379981,-31.82948999783714],[19.05471998326717,-31.81600999970188],[19.086269986000822,-31.79447999897214],[19.065009982647222,-31.77839999747893],[19.06666998426301,-31.765800003644276],[19.094659979735397,-31.750209999728973],[19.0768599867015,-31.71849999619272],[19.065559986616943,-31.706309998488862],[19.054899984161665,-31.67026999945622],[19.073719985259668,-31.666869999407186],[19.079029989839803,-31.64319999985238],[19.070509981061143,-31.624050002466657],[19.09051998450103,-31.597779999413824],[19.085399980810976,-31.572049989409138],[19.051789984353253,-31.572679995668754],[19.08541998706132,-31.526930000274643],[19.06745997892228,-31.517949989731964],[19.041789981368886,-31.518540001070665],[19.019679983255912,-31.499250003332335],[19.024639980512113,-31.48208999914472],[19.036859984976747,-31.464270000725623],[19.042989982320123,-31.42496999860625],[19.03065998314192,-31.41538999841517],[19.030879981798698,-31.38953999334205],[19.012359983391534,-31.370059999580317],[18.980129984116026,-31.355239988987798],[19.013009984887628,-31.305680001984026],[18.966419979067286,-31.28449000229886],[18.9444599839655,-31.237319997276522],[18.94970998250028,-31.19588000533195],[18.947599985667747,-31.11291000297374],[18.912339976863176,-31.06082999484746],[18.90346998308553,-31.041779993440507],[18.911769991144002,-30.978929996220074],[18.984489983627153,-30.945810001536405],[18.924159984004355,-30.91599999868658],[18.875389989093527,-30.88705999881267],[18.96046998158002,-30.866109998421194],[18.95148001872323,-30.744439828596946],[18.862970331685556,-30.717119215463082],[18.79450032948142,-30.667619703993598],[18.7958699764886,-30.624860002681363],[18.758710838609503,-30.567869184342985],[18.655149517309173,-30.556709297331714],[18.570119977020486,-30.43025999586991],[18.502149973487803,-30.444420000388327],[18.483619967323676,-30.52190999311338],[18.522249974655356,-30.60649999415905],[18.444089972819317,-30.511289998131637],[18.38054997273323,-30.459639995076216],[18.413759968897903,-30.52734999757152],[18.371149972672903,-30.592089997753963],[18.371039968200435,-30.659629994612384],[18.314049959817364,-30.741980001278833],[18.26416996561293,-30.81831999190334],[18.251819967711327,-30.82754000004644],[18.213539964447033,-30.8104399894532],[18.195239965823088,-30.816019999185198],[18.20582996832049,-30.831329996327945],[18.19037096082183,-30.834748001320687],[18.16917996770453,-30.848559996950016],[18.139619967948068,-30.827969996160846],[18.089179957453165,-30.787869993559834],[18.057919956143838,-30.77688999818451],[18.006478961216,-30.791239993002108],[17.994839956384453,-30.819219996654773],[17.99337995630288,-30.91874000097728],[17.972079960954325,-30.913869997301003],[17.93438995796882,-30.91736000040676],[17.91403995415876,-30.92465999291938],[17.88029995134669,-30.92393999594177],[17.877919955914294,-30.94864999752531],[17.909419951945804,-30.98750999852516],[17.926409953898954,-31.01139000029617],[17.87862995718495,-31.04052999321171],[17.835199954014037,-31.072619995356675],[17.811319952017072,-31.092539996711363],[17.834419950655253,-31.17651999647164],[17.75757995168291,-31.15196999617237],[17.735869950169196,-31.121239996191306],[17.73789995219114,-31.11409999749146],[17.722089955607895,-31.085430004750172],[17.703539943706584,-31.064499995409825],[17.68915994840504,-31.01866000258906],[17.67941993594046,-30.99909999755823],[17.652329944192548,-30.962089994424243],[17.632219943740196,-30.94413999973359],[17.629299943362007,-30.93621999044655],[17.595329934527772,-30.90000999727807],[17.584289940557134,-30.87265000170146],[17.57470993744647,-30.85750999606436],[17.577229945927094,-30.84797999965868],[17.53339993795814,-30.774949997585992],[17.53452993383763,-30.76881999168148],[17.52358993521829,-30.735549997378804],[17.478269936456325,-30.686680000050476],[17.470229930953135,-30.682829994942683],[17.46330993948987,-30.65348999503601],[17.448479928272466,-30.633829994387785],[17.433959938617058,-30.62077999720925],[17.4423499304977,-30.596299996338793],[17.410749936204464,-30.561879989791702],[17.400079934169632,-30.528839995632293],[17.370749925838204,-30.499339995076568],[17.358449929753174,-30.470219994662934],[17.349779933810876,-30.462289993626413],[17.33693992651886,-30.433939988559594],[17.318019929267333,-30.401679996625933],[17.307989927138067,-30.39117999742407],[17.307729929436746,-30.37758998847071],[17.295639925363606,-30.3697399926561],[17.273789927843445,-30.33459999806338],[17.273639925296127,-30.313429998212417],[17.268629932504933,-30.286959993456456],[17.256739921704888,-30.26390999367702],[17.258309925462655,-30.256459997852346],[17.235199919153747,-30.224569992337397],[17.22916992526261,-30.191989996260908],[17.22401992182223,-30.189229997841384],[17.22341992064957,-30.16508999174855],[17.204989918913974,-30.147769996824255],[17.182319919232572,-30.09236000029095],[17.180999921747684,-30.061729994553602],[17.15918992214714,-30.01156998991545],[17.162349920892886,-30.002699993655416],[17.15511991648112,-29.975799987852774],[17.127989919392817,-29.93859999303107],[17.12010991538577,-29.934469991048797],[17.112549916016256,-29.914509993350205],[17.10516991722783,-29.870759999547563],[17.0908699182629,-29.853149991847864],[17.08891991239089,-29.840139992567337],[17.07665990840661,-29.815399993335237],[17.077009911320342,-29.79174999246099],[17.062959902892345,-29.76526999667031],[17.057229913170357,-29.737249986508072],[17.06040991194854,-29.7285299915248],[17.05156992103672,-29.677999993007212],[17.045129910895767,-29.67234999313044],[17.034289908756573,-29.6378499898967],[17.03403991769387,-29.616529989193],[17.00072990811848,-29.57595999375833],[17.006979909656334,-29.563409993134517],[16.997969909025954,-29.539599991243925],[16.994609908381133,-29.51500499379574],[16.984339908582147,-29.50296999801701],[16.985729903145288,-29.489649993896833],[16.977899914398805,-29.476469993606706],[16.96981990191843,-29.450019995786437],[16.971279901999566,-29.438179983983723],[16.95117990870606,-29.40997998809764],[16.94617990774425,-29.40798999228443],[16.94077990531888,-29.3745899884121],[16.935139904988397,-29.359569985806893],[16.91159989863336,-29.33830999845707],[16.896999902495292,-29.313079984962393],[16.877369899027844,-29.2925399940687],[16.880419902723375,-29.28046999084033],[16.86798989589147,-29.257189992100535],[16.8380398940359,-29.21097998824074],[16.844599900511113,-29.199579991169326],[16.843209897772105,-29.18602998839297],[16.832729905083866,-29.16928998870495],[16.83645989923783,-29.160619991011473],[16.8233698933981,-29.13400999106031],[16.823529894905587,-29.124949993491963],[16.813669895389523,-29.110409997600293],[16.815109896707003,-29.090249998902003],[16.776749894217808,-29.056359996624167],[16.747929897705113,-29.04253998872111],[16.74229989615875,-29.031439988765495],[16.718579888450968,-29.003459992385036],[16.722329888609845,-28.98384998943354],[16.696749887493315,-28.95288998832839],[16.689819879929093,-28.92696999364544],[16.67894987824562,-28.916659986877647],[16.648589883647702,-28.895689987189982],[16.630029879125185,-28.889469993711536],[16.617839879493033,-28.878549986574996],[16.604749881623594,-28.876749983026176],[16.59586987635818,-28.83723998786041],[16.582089872907503,-28.823269993204164],[16.583069876035957,-28.800269991888918],[16.572569875840237,-28.786009991675293],[16.573229875602276,-28.77205998895989],[16.561909874658145,-28.75894999348746],[16.572369876565727,-28.739619987568997],[16.562309875277442,-28.71904998942506],[16.531009867400215,-28.69548998429596],[16.515349872310658,-28.679359984281977],[16.47775987306768,-28.6469599898768],[16.451889866829646,-28.63209998035842],[16.456669877113146,-28.59045998763449],[16.468249867713382,-28.572879985895444],[16.48020986858735,-28.565499980841196],[16.530199874807455,-28.5544599868253],[16.549819880172432,-28.54609998637536],[16.592459878968175,-28.535419994528006],[16.61265987794623,-28.520309995853648],[16.621129882773005,-28.500129991228714],[16.66587988087165,-28.47547998861362],[16.688469885171834,-28.470469987008244],[16.69750989225647,-28.479779992570567],[16.70091989027686,-28.496839988447697],[16.71932987629081,-28.500939976310146],[16.733989893399706,-28.49425999212905],[16.747809894944346,-28.466919987553098],[16.76892989891037,-28.453019990862668],[16.776829893768294,-28.440059989841483],[16.767069897432954,-28.408639982034657],[16.76936989779983,-28.39611998764976],[16.78855990267802,-28.38161999047528],[16.808159898533727,-28.360839992010433],[16.78780989949979,-28.344479984237278],[16.779189899689012,-28.321099989332026],[16.755019893406434,-28.30199999118063],[16.75457989427113,-28.272559986869517],[16.76259989153111,-28.26145998707983],[16.781749898404147,-28.260489976142114],[16.799969891207855,-28.274859987161573],[16.813339902102996,-28.276579986462565],[16.825819914178414,-28.26705998899854],[16.825979893080387,-28.245099988389068],[16.806679900109113,-28.233469984019386],[16.80305989404027,-28.22201998959389],[16.819899900518706,-28.217139992702396],[16.845559898498564,-28.216479993175163],[16.856969903077523,-28.206929990505063],[16.83686990172545,-28.19060998911523],[16.826849900088963,-28.17551998915295],[16.84284990457983,-28.164459988702664],[16.86363990424915,-28.173329986038397],[16.870729898788408,-28.181999990831613],[16.887929899558152,-28.17287998696308],[16.88424990274922,-28.149739990970314],[16.889629906679083,-28.119309992952573],[16.881469904761705,-28.100429985698778],[16.8845899060457,-28.089939979158235],[16.90705990567969,-28.070379990346822],[16.928439907727395,-28.069639986540693],[16.94785991042394,-28.076349993993222],[16.959839909261945,-28.07323997769051],[16.971259914395876,-28.060159988099844],[16.980909915433916,-28.060069992681846],[17.000949910225845,-28.075509994558896],[17.008199905660938,-28.07241999230517],[17.026029914199103,-28.050469991068407],[17.050809913992858,-28.049189991811197],[17.082499913390578,-28.03306999254775],[17.102699919060537,-28.04646999201578],[17.125659914902027,-28.067439983365546],[17.131359922648265,-28.085529996771125],[17.144459917818345,-28.09564999484385],[17.166349916072402,-28.10029999326871],[17.17820991921343,-28.0985699952009],[17.18953992807688,-28.104769989992743],[17.196259918940513,-28.127789983415198],[17.19435992690266,-28.145759993101148],[17.183169921906767,-28.18309999878387],[17.18414992483223,-28.208819993343905],[17.195309923075097,-28.22765999366725],[17.214979924536493,-28.248079989676363],[17.2325799262687,-28.25030999264008],[17.250379927552537,-28.239029991860942],[17.281869926179336,-28.244160003994402],[17.308799931036088,-28.22382999626789],[17.333999929296013,-28.226089998233817],[17.356209930648784,-28.25344999346699],[17.362299937911587,-28.274509988981432],[17.370839932328664,-28.278459998410863],[17.382259937073933,-28.295899988240617],[17.37576992822757,-28.3211599912344],[17.405219933396484,-28.355959998277754],[17.414039932471105,-28.376039999935788],[17.41053993843587,-28.39717000101934],[17.396519936137317,-28.42737999034719],[17.384369936153007,-28.437139993483957],[17.35529993371581,-28.43683999748853],[17.339099943272647,-28.45250999018593],[17.33307993259521,-28.474909990895483],[17.340239931279758,-28.49549999755764],[17.365729934383758,-28.50901000175021],[17.377679935026574,-28.538629989584074],[17.376039934186597,-28.557779994353513],[17.38912993096363,-28.571179994984277],[17.412809931066903,-28.56257998642781],[17.42965993704301,-28.569869997165576],[17.432149937644116,-28.583190000162173],[17.424789939006573,-28.60096999328197],[17.431089929447193,-28.61197998879055],[17.425919935573678,-28.631759992687268],[17.42660993301063,-28.65593998971751],[17.41373993634945,-28.673959997601823],[17.417269937000853,-28.696079992698145],[17.410549920796207,-28.713479991903196],[17.41870893048275,-28.721980996326412],[17.430169933115938,-28.72161999293869],[17.461809934114022,-28.702369993057438],[17.47160993700606,-28.70518999696394],[17.493669934718383,-28.692789990228544],[17.52429993432212,-28.699429993481694],[17.54768993851468,-28.699279991756057],[17.553689941822586,-28.690119996716053],[17.567739940890007,-28.685569994193088],[17.58978993996251,-28.68880999077715],[17.598859946596082,-28.69464999184056],[17.612429940249726,-28.723929993436506],[17.60878994344449,-28.744789988496446],[17.618679942962284,-28.7641600018976],[17.647449948960226,-28.77375999513269],[17.67905995056227,-28.766529991191803],[17.698449962504355,-28.746229999081095],[17.71446995158326,-28.748219994091507],[17.723129940624833,-28.760170001885434],[17.735769955815293,-28.75669999123195],[17.74227995496907,-28.742709997592232],[17.751509946028555,-28.74020999633145],[17.781409949536815,-28.757910000624342],[17.807179958385923,-28.754439997838798],[17.827869952639478,-28.76074999681734],[17.880319959819428,-28.7638899973137],[17.90666995494395,-28.772339993745334],[17.925649958951507,-28.76883999225263],[17.938059957469786,-28.78878999014539],[17.95655995494066,-28.78458999811064],[17.97223995621343,-28.791619993928055],[17.982089964778382,-28.80646999568241],[17.994399958497056,-28.81030000133013],[18.012439958413804,-28.82802999533703],[18.011689963971985,-28.834539995670273],[18.026639961437798,-28.84668999576345],[18.04606995449721,-28.87426998977259],[18.059529961239267,-28.876829996757923],[18.07923996197061,-28.8699300033367],[18.100729965472954,-28.877299994787798],[18.129829966790588,-28.895649989861756],[18.144919958729535,-28.8926999901161],[18.173839975181217,-28.90305999470817],[18.19382996419117,-28.915269999616253],[18.216879964794245,-28.89551999463958],[18.247839966392657,-28.897509999326438],[18.263489970371037,-28.87938999548205],[18.29494996910528,-28.884260009585145],[18.350819972938464,-28.88074999934601],[18.362979964538766,-28.891889997540982],[18.42346996852415,-28.9008200004977],[18.453949973564203,-28.891769986882085],[18.471069975168703,-28.883259991682333],[18.512079977763758,-28.889480002104186],[18.532779979842235,-28.868249996460715],[18.57470997105446,-28.856440000191494],[18.58909997465986,-28.857809995896],[18.607919975834772,-28.85336999841337],[18.62544996952193,-28.841809999118947],[18.64257997281162,-28.840020003353377],[18.6596499771749,-28.84415999704943],[18.70845997750554,-28.838689997745462],[18.7286699820536,-28.83170000107152],[18.747229978000025,-28.833529994932054],[18.78041998305454,-28.84433999821189],[18.785839976682773,-28.841060004358283],[18.83790998033067,-28.84868000132112],[18.854269979121227,-28.8444399951734],[18.905189980634223,-28.855580001815902],[18.93563998544793,-28.857239994516274],[18.9836099778538,-28.878840001740695],[18.996529980770138,-28.892179995817155],[19.005929982239277,-28.92427000276306],[19.01503997850385,-28.931230000643843],[19.04198998942832,-28.931390003057913],[19.05650997892878,-28.940840001771175],[19.07191998320604,-28.957669998884302],[19.118289980369884,-28.969439998100366],[19.13588998924633,-28.960730001580345],[19.15505998423221,-28.961899996852345],[19.196659988293074,-28.94701999777735],[19.223419983462602,-28.923959999362093],[19.229879992000836,-28.91227999666532],[19.254589984474478,-28.90190000105804],[19.284869988979324,-28.90855999535021],[19.296439986853954,-28.89316999816138],[19.290859984290666,-28.87745999826751],[19.265029985394865,-28.869639992701032],[19.255529988691894,-28.855820001149024],[19.24195997807519,-28.82706999527175],[19.239819988545747,-28.80579999912289],[19.254599992575795,-28.773660002957183],[19.258179984017314,-28.759119998168018],[19.2697899889696,-28.74202999491302],[19.296309976054918,-28.73250999834617],[19.333739986692876,-28.736069999311106],[19.352249983394035,-28.74290000213356],[19.387039992343365,-28.73376999774104],[19.405399986639157,-28.73625999901385],[19.431109988612036,-28.72029000154254],[19.43849998698144,-28.71985000197875],[19.4665999864253,-28.70621000356928],[19.479969986825914,-28.687579993980687],[19.48967999248422,-28.681990000458537],[19.495099985416676,-28.642420006889314],[19.50201998544492,-28.629330003106503],[19.50112998695876,-28.60661999924028],[19.50928998780461,-28.596540000323028],[19.53604998958965,-28.587129999628182],[19.541929989484327,-28.578369996870673],[19.54847998807495,-28.540839999464616],[19.572179994843594,-28.526219996821702],[19.58180000372307,-28.529710000507706],[19.621899992550187,-28.51101000255318],[19.67084998693639,-28.529369997127862],[19.673449991961704,-28.521839996042473],[19.69676998905003,-28.517589999369687],[19.730049990977506,-28.487909996629075],[19.74197999045023,-28.485669993975225],[19.761699997697377,-28.48932999830745],[19.777439989308707,-28.500079996373657],[19.812989991273597,-28.50833999266331],[19.82153999341878,-28.50505999779382],[19.84097999480827,-28.480549997653462],[19.84722999666927,-28.460050004737496],[19.864949991996966,-28.45626999750807],[19.873829989047575,-28.444519998609778],[19.888689988916788,-28.44080999532489],[19.914699987654547,-28.445349998744835],[19.947559997279157,-28.436549990848228],[19.97236999362211,-28.42584999964319],[19.99915998715299,-28.42781999524059],[19.99934999578221,-28.249635001318882],[20.00044999337098,-27.984089999254792],[20.00020999500924,-27.774019998459533],[19.9998599838996,-27.487869998608446],[20.000209994545372,-26.96101000069242],[19.99883998310835,-26.618709994175976],[19.99928999827874,-26.456859999815745],[19.999419992899725,-26.142630000512753],[19.998939987134413,-25.99879999858901],[19.999459992338995,-25.78032999832073],[19.999319997056606,-25.62419000174052],[20.00019000497775,-25.5315599956283],[19.998909997431078,-25.103549996988406],[19.998869998552944,-24.765860007237052],[20.02967998977558,-24.78846000079024],[20.03828999836217,-24.809550002592406],[20.064979994485327,-24.814019999455397],[20.066779988923535,-24.828519998665087],[20.09023999786971,-24.832820001617286],[20.08809999926788,-24.852649988702655],[20.10919000260631,-24.862390000609913],[20.11582998828171,-24.880889997075887],[20.14980999447212,-24.879440005696942],[20.181939991932357,-24.911819992740963],[20.203729999712806,-24.896479994454],[20.222469988250342,-24.919879996578292],[20.232709996610826,-24.91386000258145],[20.24825999508253,-24.91822000492741],[20.265709992861947,-24.928519994751987],[20.275819999333436,-24.950389999534025],[20.2842799963409,-24.951420008562643],[20.28607999119211,-24.96957000326873],[20.296510001051075,-24.980619996226388],[20.317439985058815,-24.9867100044339],[20.328169991387025,-25.005489999396232],[20.349500001070805,-25.009830001493242],[20.356609993362042,-25.024409996774512],[20.384169997762562,-25.034300002506733],[20.385589998713403,-25.05001999472787],[20.378879999179947,-25.061510003602613],[20.392149996643123,-25.07662000275728],[20.41255000119043,-25.082719993820188],[20.4099699951343,-25.09909999981896],[20.429059994351935,-25.116049992712284],[20.423959997506177,-25.128210000333734],[20.43128998989743,-25.135640004351053],[20.42759999432221,-25.14935000106606],[20.444820000555357,-25.158189999605472],[20.45922999445961,-25.14996000120912],[20.46965999675788,-25.161799997255077],[20.461830000036734,-25.1837700062291],[20.447549992432617,-25.188559999519217],[20.446379997772283,-25.198970001919168],[20.461900004542947,-25.211570000356645],[20.466089996987645,-25.22406000399301],[20.48887999823469,-25.222609994242823],[20.498919998466373,-25.228359999529207],[20.487399998594466,-25.252790002750732],[20.496439997919254,-25.268979999604415],[20.51851999406567,-25.274859999684296],[20.527869997200547,-25.28768999809642],[20.542890000132875,-25.292579994316572],[20.514029998063553,-25.311529998350984],[20.51687000184361,-25.3232599985906],[20.5464899978493,-25.319990003893288],[20.548089992725014,-25.328749997610917],[20.539229994596386,-25.344530002298434],[20.551119996898024,-25.37132999460235],[20.566539999764565,-25.394910006383128],[20.578599996229197,-25.396520000372842],[20.591949998147303,-25.38997998668233],[20.604559996671387,-25.398680014873936],[20.598279996466623,-25.421739997624783],[20.608179994710216,-25.42968999747731],[20.625299996495812,-25.42161999515507],[20.63372999431336,-25.43104000279311],[20.615969992851166,-25.445609997575072],[20.622339997059015,-25.461629993701866],[20.63740999792185,-25.464509997011348],[20.653859993407412,-25.449510000930108],[20.66612999711478,-25.44565000434421],[20.67283000578595,-25.46353000133515],[20.662710000055288,-25.471890002635792],[20.64095999865085,-25.470390003877974],[20.634459990766466,-25.47831000565548],[20.64345999881505,-25.49755999797645],[20.628829996918668,-25.512760001992216],[20.632359999020103,-25.529649996867402],[20.64760000151821,-25.53164000083198],[20.669960003578865,-25.549790003607203],[20.698189996532633,-25.595110000564677],[20.690799999698687,-25.603020002749588],[20.66536999449647,-25.6040200037068],[20.65036999912223,-25.63244999775912],[20.663039995763796,-25.638069999486447],[20.67244000469119,-25.62979999578434],[20.687879998568157,-25.63545999539575],[20.68720000024659,-25.652020002691156],[20.6746799981995,-25.671760000847122],[20.682559993777307,-25.694520004043614],[20.70268999392082,-25.704190002599677],[20.722059997515842,-25.72496000110703],[20.731239998626485,-25.753209993442578],[20.729790006314765,-25.768449996131917],[20.736419992930617,-25.773609998904806],[20.754079998207313,-25.77250000130658],[20.763460000324578,-25.78044000205501],[20.76218000146563,-25.79095000049698],[20.744580001964895,-25.804360000755743],[20.739159992601618,-25.822370001156692],[20.759289999560874,-25.822209998581087],[20.777539998226185,-25.80197000390077],[20.788229998355135,-25.80311000119535],[20.785830001837105,-25.818519995985735],[20.789399994079997,-25.83350999957757],[20.781450001515,-25.84882999778819],[20.786739998377836,-25.860600005111795],[20.804220003444527,-25.86207999570897],[20.81312999966275,-25.869749998922163],[20.80955999987615,-25.893240005420957],[20.798079998154364,-25.89955999670518],[20.805070002707982,-25.925289997984144],[20.8374299998994,-25.950749993615947],[20.840159999004076,-25.961620002427093],[20.83133999975266,-25.9721799990988],[20.82851999533414,-25.988450001552938],[20.8153500022371,-26.00589999998192],[20.832689996641644,-26.0240399944727],[20.832789992971172,-26.047039995444102],[20.81864999670716,-26.058300005483694],[20.82437999368073,-26.069639997050714],[20.839339998328853,-26.076599995012113],[20.839010002941247,-26.0892400009913],[20.820909998116647,-26.10547999598514],[20.843599995897016,-26.125539997670188],[20.852399995700505,-26.122219996410013],[20.86327999547274,-26.132679996919165],[20.843829995176296,-26.162139999841795],[20.82277999879682,-26.176500012242553],[20.815180000899897,-26.19236999790155],[20.81605000001851,-26.214879994028614],[20.807770004025024,-26.229289995954996],[20.806159993612614,-26.243299996945446],[20.792289994796175,-26.26013000208061],[20.790289999638507,-26.271410003053834],[20.7589199977109,-26.286989999954503],[20.748459996342973,-26.311849994134764],[20.737249993045303,-26.32405000078762],[20.719870000542986,-26.333759998124652],[20.712230004700295,-26.35092999756651],[20.69726000062004,-26.36908999986022],[20.698599996886934,-26.383179997627877],[20.693329998692516,-26.397760008866655],[20.678529995309937,-26.39703000486411],[20.646149991806727,-26.435079999411954],[20.625604993000817,-26.43515500440832],[20.617299990211762,-26.443990004153402],[20.616520004220753,-26.468190000032706],[20.611769993314667,-26.49918999947654],[20.604829993518308,-26.514670000067277],[20.609949982085745,-26.534389999037792],[20.608559996082626,-26.55405999997154],[20.613969997197156,-26.565799999552137],[20.63146000118586,-26.584049998635795],[20.63365999670824,-26.61793999994439],[20.629139985560666,-26.641229999034838],[20.633809998583594,-26.668719997106827],[20.616889996612056,-26.67731000492335],[20.6144800015632,-26.687099998462724],[20.62092999506795,-26.713509997837548],[20.63349000423689,-26.724960000582925],[20.62579000225929,-26.749020001592026],[20.637530001509493,-26.76508000517875],[20.63506999126353,-26.774760002976723],[20.622429993833947,-26.786249995920944],[20.636510000165107,-26.794149997695985],[20.65049999409156,-26.809729994821225],[20.64263999769213,-26.82363999943353],[20.65553999344827,-26.834529999972045],[20.68224999722049,-26.840100002674546],[20.68512999929967,-26.84800000572035],[20.67614999025638,-26.86125000371729],[20.68708999586132,-26.902399999962128],[20.697359995861003,-26.89963999264997],[20.709129995609295,-26.874319999598132],[20.728589995427175,-26.866369999883045],[20.7631099970431,-26.866470004003812],[20.772929998665607,-26.859780003468543],[20.78619999553764,-26.84198999455038],[20.813349998728874,-26.8433999971867],[20.817789997764947,-26.82299000062232],[20.844089992528087,-26.8186799970309],[20.885229997422332,-26.797269998850965],[20.909719999121865,-26.797679998619174],[20.94617999748996,-26.813819998831686],[20.96203000130457,-26.80685000048874],[20.977829996675208,-26.811509998871895],[20.985989997959557,-26.825210003518315],[21.006629993074142,-26.84431000298969],[21.016440002616335,-26.847729999814206],[21.04146999896121,-26.846709998718833],[21.060659999451367,-26.851609990204462],[21.078880002484684,-26.848509993860347],[21.1158299991754,-26.859610001545914],[21.134170002587926,-26.873759998201407],[21.155399999841247,-26.86722999093458],[21.1773400024164,-26.86643999670243],[21.191939996610035,-26.853470005184246],[21.221669996945806,-26.843799997921895],[21.24880000104898,-26.84557999396573],[21.264559998388574,-26.837539996830508],[21.29553999186447,-26.849639999118992],[21.310299996193056,-26.845429999653508],[21.332299995640803,-26.825679993633823],[21.376120002324015,-26.830579998974407],[21.405429994651385,-26.82209999465568],[21.44008999909914,-26.827149993586204],[21.461889998773607,-26.840740002919944],[21.48585999499761,-26.84154999577014],[21.498290000784138,-26.850790002651593],[21.525090001171243,-26.86178999869563],[21.54091999563892,-26.843119999644852],[21.56182999760976,-26.84996000262334],[21.575300002940715,-26.839909994529936],[21.604480001146154,-26.845879998612816],[21.62706999393105,-26.866659996561292],[21.65811999980937,-26.865050001540716],[21.67470999920549,-26.854899998121013],[21.69483999841307,-26.861240003891844],[21.742050003505422,-26.825030003151856],[21.78019000259747,-26.80252999785955],[21.78400000142392,-26.784569995823702],[21.792869998226966,-26.76962999894052],[21.784760004590666,-26.750850004374243],[21.787439996882856,-26.722890007674355],[21.770770002531446,-26.70467999900164],[21.771640001752253,-26.68950999486636],[21.78738999891926,-26.676060004232014],[21.808339998853015,-26.670359997919743],[21.823310002993825,-26.659839999640475],[21.86867999857103,-26.669230001099482],[21.902739994675787,-26.670139990262296],[21.928760000201887,-26.66484000115908],[21.953129997147713,-26.668709996516796],[21.986060003105646,-26.6499200029194],[22.000359993419387,-26.648159997629364],[22.01093999725817,-26.639590004875874],[22.030489995202576,-26.633989994543256],[22.048230005486726,-26.635049994724028],[22.070369999102482,-26.605939994266112],[22.077019993528122,-26.581760005981664],[22.09485000182053,-26.5728700022942],[22.103519997924447,-26.554799996414143],[22.11275000551298,-26.546510000039813],[22.13347999792423,-26.54360999902789],[22.133140002476658,-26.52606000464815],[22.16347999522183,-26.50832999366593],[22.16014000333507,-26.483329996717842],[22.179959998879617,-26.47173000020307],[22.18544999676197,-26.46147999998531],[22.183519998654862,-26.4359800056461],[22.200239999788923,-26.42478000067439],[22.191540004438064,-26.405759999883905],[22.192790012829384,-26.395850001669558],[22.21401000157009,-26.386130005541244],[22.23948000544713,-26.369259994036018],[22.238489994387496,-26.355260001363117],[22.247250004963682,-26.347040003268088],[22.288849999745615,-26.339899995150716],[22.303210003658144,-26.344390000413686],[22.313780000129984,-26.339520002114046],[22.325930000001875,-26.322259996862968],[22.339500001305293,-26.320399995953238],[22.351839993747316,-26.32739000065831],[22.36677999955035,-26.319170002875804],[22.362439997631185,-26.290740000531976],[22.368580002553873,-26.28418999517479],[22.38618999389614,-26.285029994931627],[22.402910004117473,-26.272700001595453],[22.405969999183384,-26.264400006815656],[22.398800000612873,-26.248129995573404],[22.41298000278153,-26.239969995559612],[22.422209994510613,-26.22324000331585],[22.442870006166398,-26.22915000098627],[22.46100000120974,-26.22166999916232],[22.465590002253858,-26.206829996755115],[22.47423999974938,-26.19971000460591],[22.512150000015367,-26.215379998942364],[22.52881999468983,-26.226670000159928],[22.55740999881968,-26.221759995313366],[22.563410001729057,-26.205989997786872],[22.578700001732354,-26.186220000837494],[22.579580000247496,-26.158369992017793],[22.57621000071441,-26.147289999071834],[22.587549999670337,-26.141559994386927],[22.59953999798737,-26.152009995317236],[22.609689993717033,-26.127219998426163],[22.632170005803825,-26.12128000102273],[22.70294000169716,-26.11985000635557],[22.703499997146167,-26.179910000612328],[22.705489999710796,-26.230320004047798],[22.70571999750382,-26.297820000797877],[22.708070004872518,-26.354840001910098],[22.7088000011418,-26.41078999857212],[22.74471999659163,-26.424659997649233],[22.80315999645088,-26.453680000869753],[22.84187000003774,-26.393300002987647],[22.84842999712115,-26.37587999723163],[22.880789998369263,-26.262354998286007],[22.89929000393901,-26.213630001028136],[22.907059998390693,-26.145920001947776],[22.981149998457532,-26.15255999959918],[22.987039999676444,-26.08997999589809],[23.064800002831564,-26.099059995007643],[23.088140003058527,-26.04357000024228],[23.08691000074302,-25.982559996032016],[23.320549997421843,-25.992839995927156],[23.38735999808492,-26.00615999970827],[23.353881996838695,-26.089478005803745],[23.30687000130408,-26.070340004272172],[23.232149996896023,-26.052690002599366],[23.215819999076587,-26.11573000361742],[23.251920003155814,-26.113830004268763],[23.310979995199247,-26.141849999763835],[23.26473999997381,-26.20447999774083],[23.2217400035372,-26.27127000082483],[23.282050003113255,-26.33947000278534],[23.26641000181892,-26.485399998658025],[23.462959998229362,-26.53108999845076],[23.49427000224992,-26.554449999438337],[23.583750000150065,-26.61714999829898],[23.547120005959076,-26.65833999257708],[23.48713000255972,-26.739709005148104],[23.520929998273754,-26.755520000734993],[23.56891999789241,-26.774909987554352],[23.615340001051695,-26.7900300032699],[23.646530001555696,-26.807480002332632],[23.725170001491517,-26.829150005068986],[23.760750002242556,-26.840960000664303],[23.85323000398285,-26.890140002701436],[23.86950000097829,-26.856749997998296],[23.916070004282346,-26.858289998232685],[23.96283000247521,-26.8983099965716],[23.970370000484863,-26.894200002261098],[24.000930010980195,-26.943199995323766],[24.026019999192695,-26.99928999725539],[24.03744999969484,-27.053699999242223],[23.976049995724175,-27.07935000071182],[23.97356000043429,-27.09637999840119],[23.910080002046623,-27.225090001740302],[23.898250004382955,-27.23555000158228],[23.896469994386177,-27.252659999369786],[23.952860000038438,-27.281469995763114],[24.01494999714485,-27.32367000586686],[24.06391999779684,-27.35316999926652],[24.086270000840567,-27.353490003833468],[24.057510003388316,-27.429420000065374],[24.0521900050928,-27.462749997923098],[24.05532999742967,-27.507869996206647],[24.049220000583436,-27.55863999881208],[24.05061000064509,-27.60272999690827],[24.118620004034913,-27.621739997915338],[24.104350004410705,-27.654209999154535],[24.09333999596483,-27.70491000575993],[24.111000001238263,-27.73898000141666],[24.36763999704219,-27.688199998406755],[24.405280000959923,-27.681180001593198],[24.446759999935505,-27.70285000374991],[24.40883999884205,-27.76109999729752],[24.452310004843596,-27.782880002608756],[24.427369996577955,-27.840540000991094],[24.409870002899776,-27.842749999102374],[24.360459993654228,-27.910670002822787],[24.392579997764482,-27.941549993745106],[24.409949997939645,-27.923300002154527],[24.467289998813477,-27.98056999881864],[24.468169998560274,-27.996699999030326],[24.444549997550524,-28.03191000372134],[24.465479996840617,-28.035840006130343],[24.534639003065873,-28.092088996390412],[24.559870002448584,-28.074699996404927],[24.5643699982894,-28.066910004161816],[24.55772999882696,-28.04451000069375],[24.562810000234204,-28.036220000678064],[24.588999999485537,-28.02788000831503],[24.603139997908926,-28.029160003944245],[24.61437000567997,-28.02235000061722],[24.61704000185163,-28.008020005167026],[24.62935000250372,-27.994309999968404],[24.62095999712489,-27.978479998965415],[24.626480000900653,-27.963040002876657],[24.619780001631636,-27.951219999654594],[24.62880999837543,-27.9353399969053],[24.6174500006631,-27.91566999736965],[24.61581999932241,-27.90360000126783],[24.630229995210133,-27.902700002553882],[24.63243999686119,-27.89151999772242],[24.649369998055544,-27.881740002963575],[24.65831000051219,-27.8526700025834],[24.691209993850205,-27.850380001445306],[24.68821000226186,-27.838970005189957],[24.699320002720796,-27.828289997196283],[24.658669996535796,-27.79093999305254],[24.673119987552145,-27.782830004015178],[24.67040999564475,-27.761599993630174],[24.680450002630806,-27.73928000320549],[24.69372999771482,-27.735649999613113],[24.6954700044196,-27.718250000124552],[24.6748700007546,-27.692639995857007],[24.678370002200136,-27.66647000159286],[24.692050002211367,-27.653469996442986],[24.692299997734846,-27.64521999860828],[24.76206000510147,-27.633240000150145],[24.75677999809411,-27.60959000010328],[24.784329997839656,-27.604639996797825],[24.780710005982595,-27.618369998811293],[24.786610005499167,-27.643210002214115],[24.797719997075173,-27.65617999592272],[24.792039998333834,-27.68694300329342],[24.801170000075437,-27.70177999663326],[24.854500003769065,-27.695590001808988],[24.87912999767534,-27.695140003292458],[24.978800001043254,-27.68214999510866],[24.99972000072279,-27.68083000365803],[25.04790999836194,-27.699739996042215],[24.96750000092462,-27.78501000214422],[24.846920003725817,-27.91118999785095],[24.857070002310408,-27.91606999581981],[24.829839999735658,-27.931289999997748],[24.847410723206984,-27.95797466496582],[24.950559998228083,-28.113139999720136],[24.97259999932703,-28.08145000991512],[24.999520006700113,-28.081820001341214],[25.028079999576253,-28.073480002004672],[24.96456999429864,-28.250739999047386],[24.92667999770888,-28.24689999475976],[24.90534999753927,-28.274780001796753],[24.870489995111694,-28.270379998959704],[24.89032999723693,-28.31023000063103],[24.937619988999472,-28.32491998984312],[24.899329996442255,-28.430469998825316],[24.886779998915785,-28.46498000064793],[24.881350002655736,-28.46315000333491],[24.846890000613794,-28.50376999758141],[24.86781999778231,-28.517059998269733],[24.82772999618674,-28.626959996557517],[24.90184000043373,-28.64803000096911],[24.801827000489634,-28.828258004277448],[24.69178000250159,-29.025719999201407],[24.661920004863493,-29.07915999903802],[24.346619999508405,-29.65592999568801],[24.353390000365323,-29.667209998105825],[24.348660001228136,-29.70198999814592],[24.354540001886004,-29.71314000304698],[24.376030000455135,-29.72698000091507],[24.387920007360144,-29.753870000358457],[24.41158000004443,-29.790739999894537],[24.43551999651618,-29.806319996276574],[24.439960003822737,-29.815380000565163],[24.470020000423144,-29.81178000414762],[24.49770000476973,-29.816049999586497],[24.501759996688154,-29.834450000182464],[24.51314000108478,-29.842509989793744],[24.543859996597803,-29.843299999684167],[24.55066999250038,-29.849209997957843],[24.56263999917371,-29.875950001450423],[24.58088999858887,-29.89363999787665],[24.60792999800749,-29.91126000268668],[24.644870001775782,-29.911359999637078],[24.652700006387285,-29.898850005265235],[24.667799998028826,-29.90650999531103],[24.662599999125675,-29.939370001070305],[24.671299999442,-29.97144999971681],[24.67911000450454,-29.977910002233198],[24.72473999912254,-29.99224999756916],[24.74928999767301,-29.98961000275138],[24.793970002729388,-29.99897999803603],[24.803819993869524,-30.012009996595037],[24.807260005861362,-30.026350000589527],[24.798487668376108,-30.03417014725642],[24.796240002643767,-30.04483999799225],[24.801960001474576,-30.058780002062417],[24.814130002200386,-30.067879997869163],[24.816440001647624,-30.07953999867505],[24.83861000083954,-30.09555000537007],[24.836369997634183,-30.11507999684493],[24.84424999724763,-30.123470002999614],[24.86768999690136,-30.13093999838086],[24.876229999340108,-30.145339999356356],[24.882160001596375,-30.174120003887406],[24.895180003192753,-30.18420999620034],[24.901560004771383,-30.20824000410587],[24.927390004243136,-30.202369998421343],[24.93727000283453,-30.2199699966469],[24.95016900609356,-30.224845002623216],[24.953969996717518,-30.240850001201007],[24.94597000046407,-30.25036999669826],[24.963399996960792,-30.26764999892388],[24.974709995642225,-30.272249998762877],[24.986319995475778,-30.289969997201087],[25.00792999948191,-30.29214000007944],[25.019960004378625,-30.28447999800776],[25.03498000488443,-30.28687000902548],[25.04718999811352,-30.31969999757984],[25.0356199994309,-30.344209997751005],[25.04059999938224,-30.363640004958853],[25.052490001504033,-30.35692999774375],[25.06979999673395,-30.358450004178135],[25.093719997240008,-30.371459996602795],[25.102510004342705,-30.39206999911413],[25.12560000285911,-30.420230002563414],[25.137439998928603,-30.422930004072974],[25.15770000012877,-30.44261999914398],[25.151909996558583,-30.45729999659687],[25.1662400022718,-30.472830003244695],[25.181629999343055,-30.482280000960255],[25.189590004270286,-30.498410000574125],[25.209959988864096,-30.505090003445755],[25.237109999007302,-30.501229993311043],[25.245510004514003,-30.515360004166308],[25.2547499977818,-30.51897000080348],[25.279459999146177,-30.54475000222292],[25.28297999867446,-30.558080003147417],[25.307119999288222,-30.577079998296888],[25.323749996212847,-30.572410000427002],[25.328139996159926,-30.56140000481247],[25.350379999112782,-30.564330003699396],[25.36243999576094,-30.55861000083344],[25.376580001791474,-30.559889996574146],[25.39927999911645,-30.57308999003446],[25.4186600003622,-30.578169998387683],[25.41953999908992,-30.58490000240294],[25.45359000447193,-30.60900000307706],[25.467099997015236,-30.62421001113742],[25.456480004181618,-30.637000003701655],[25.458499998488083,-30.65744999990347],[25.471870000812984,-30.672919996211952],[25.460229997052025,-30.683279998949132],[25.466530004474688,-30.70978000124111],[25.473930003376804,-30.723119998302227],[25.473879997452116,-30.74371000242627],[25.479899997770193,-30.759769997186094],[25.480200002125343,-30.778910000158305],[25.486440003271426,-30.784549995370902],[25.504979999232336,-30.783630000121455],[25.524850001601436,-30.79639999897838],[25.549330000695342,-30.79098000369819],[25.5216299977335,-30.833180000999548],[25.485169997712052,-30.849799990855363],[25.47128999878184,-30.869840001334165],[25.500639998042043,-30.888009997014336],[25.5175899999483,-30.903389997831727],[25.514040000252212,-30.921459997810768],[25.504619998923225,-30.932979998174876],[25.510949998490194,-30.955720000091574],[25.47502000036801,-30.983880000155935],[25.484840002186154,-31.006329996817758],[25.50159999976772,-31.007389997116924],[25.486750000863122,-31.03691000385613],[25.463779997055006,-31.054740002059592],[25.43884000537534,-31.06149000036525],[25.454289991348663,-31.079300000337444],[25.44638999857852,-31.10020000206867],[25.41559999907385,-31.134400001868954],[25.398160001635727,-31.130679999571345],[25.384560001138883,-31.15097000123973],[25.377820002303896,-31.198870002755235],[25.38621000108252,-31.217840003754283],[25.35441999654117,-31.23599999388111],[25.290580003995178,-31.213479996966445],[25.28494000372314,-31.223409995097093],[25.26932999884354,-31.214400001247324],[25.22504000252443,-31.195199999703327],[25.210969997924607,-31.19210999830444],[25.204819999110978,-31.215099999975152],[25.1923599966192,-31.21336000203451],[25.17913000419652,-31.222230000230482],[25.170479997556335,-31.23917999908992],[25.155200001462006,-31.231150001063465],[25.152699998554922,-31.243119992277325],[25.130679998585904,-31.239399998346897],[25.115200000182693,-31.24626999912726],[25.100790004166146,-31.25945000124121],[25.084400000364024,-31.26233000262698],[25.073460001187485,-31.253269997387385],[25.058470003678757,-31.269380000363306],[25.005620000016062,-31.263099998954445],[24.96046999761307,-31.285509999704857],[24.948729997913485,-31.298350002650093],[24.941970004572575,-31.3150699993919],[24.923379998224707,-31.31348999937389],[24.885030005171874,-31.317269993866816],[24.852990005331517,-31.32820999036538],[24.86135000567083,-31.356310004356192],[24.862859988531742,-31.37360999986146],[24.825499990542824,-31.3565099981769],[24.78867999779644,-31.389460003257845],[24.724299999328505,-31.399859997577288],[24.71060999621549,-31.409509997815757],[24.704810003115917,-31.40059000245155],[24.664990000873125,-31.383660009646533],[24.596100000246867,-31.399180000160296],[24.56719000090795,-31.41864000102574],[24.5676300005304,-31.42714999729502],[24.558850000557612,-31.481839995869866],[24.519439999506684,-31.49789999892656],[24.533030001163365,-31.509780000081278],[24.524550004823354,-31.54542999693618],[24.503910002482595,-31.56841999875555],[24.522960003271315,-31.603689998245994],[24.517330001600776,-31.64457999778983],[24.514129996370244,-31.704970000766387],[24.506269999876125,-31.706830002164498]]]},"properties":{"Union":"Heat"}},{"type":"Feature","geometry":{"type":"Polygon","coordinates":[[[30.19385979380071,-31.081260201930046],[30.18682997153426,-31.068159970750802],[30.175918972649526,-31.065545972167143],[30.16314997449664,-31.04923003514279],[30.17014997257892,-31.02647996756582],[30.142759982523017,-31.0228200268501],[30.136159974046166,-31.00737003455691],[30.14128997082738,-30.98731996777527],[30.156289973237406,-30.97654996855783],[30.134479973710203,-30.96378996932151],[30.141049971592825,-30.95100996925782],[30.13781997023515,-30.940829967961246],[30.14635003661282,-30.93106997003589],[30.131939969534475,-30.909009970896292],[30.113519974174174,-30.900109969372206],[30.109169973539558,-30.884489971194657],[30.093634974419793,-30.876964970607055],[30.092709971186522,-30.862229967987712],[30.062189970201906,-30.848059970935044],[30.022209969889925,-30.848079970430547],[30.00049997252031,-30.837399969857795],[29.974799962504935,-30.838079956215058],[29.961164980430443,-30.8231699716879],[29.968009972454393,-30.809549970347035],[29.932559981866643,-30.807929979737565],[29.940599971424614,-30.792129971433116],[29.955329970999163,-30.787579969574722],[29.94686997250874,-30.769949970044564],[29.92169998099199,-30.769160033134987],[29.915949942261058,-30.774459940874507],[29.896124957421343,-30.76901004330664],[29.871719971006367,-30.754769967923135],[29.85260998310783,-30.761600027241563],[29.849239962616203,-30.7387199602035],[29.833359971217906,-30.742559970363164],[29.804449971493877,-30.723149971707183],[29.8012899721706,-30.708679968976686],[29.778199973107874,-30.697159968887213],[29.77057003713255,-30.718599971144485],[29.73904997898206,-30.717679979772853],[29.73502996954376,-30.708699972352875],[29.707929959012198,-30.704789961168597],[29.68720997077509,-30.688229971113902],[29.67536998206604,-30.669939979108513],[29.65151997889147,-30.685840022435087],[29.631579973187012,-30.684329969673414],[29.599509972873896,-30.68951996974564],[29.594189971132096,-30.667439971787392],[29.58072998439958,-30.65415997595879],[29.572200040725626,-30.65514997290956],[29.586249942011204,-30.617079941112582],[29.64063994228326,-30.562039940566326],[29.647669942356757,-30.549379941215054],[29.645719942463693,-30.527179940649106],[29.66969994242998,-30.519609940780864],[29.688396875242503,-30.519556678040964],[29.69241561237296,-30.51954523988053],[29.710889942287427,-30.516099940897973],[29.74767196327813,-30.51735997820728],[29.763609941617247,-30.511309941319237],[29.78215994224868,-30.510459941336098],[29.81332506719156,-30.53509494118796],[29.834759941519053,-30.54282994102398],[29.85504006718889,-30.54481994137509],[29.857540067341464,-30.558710065811173],[29.871189941505225,-30.55698994083891],[29.893766546945262,-30.560695994184673],[29.920728571680034,-30.549530626436617],[29.948506162965405,-30.58434241492832],[29.954525397772056,-30.56563030187728],[29.993229941640667,-30.542790065831856],[29.98938006696066,-30.52855994120286],[30.0011389420103,-30.522467940694217],[30.001599942304505,-30.493709940973808],[30.022959941975444,-30.47165994109053],[30.056959942159708,-30.467349941348196],[30.053269941888715,-30.452809940627873],[30.059060066516203,-30.445079941292814],[30.075009942764407,-30.44660994139632],[30.082259943321635,-30.430559941381205],[30.099779943397387,-30.41715994141403],[30.11093994321428,-30.42390994069511],[30.119429942915335,-30.41318994073409],[30.114489943377567,-30.40203994120177],[30.171449942905443,-30.402590065869468],[30.183124726792723,-30.414821821804253],[30.184022972630064,-30.428598902305747],[30.177497301485605,-30.445683431850515],[30.178270625508553,-30.457854374568132],[30.202744245385777,-30.470147706043466],[30.232171366752134,-30.472737902747124],[30.23085671413289,-30.458532521149078],[30.221112822164834,-30.437051937167386],[30.222785930814553,-30.41867559177773],[30.22901757344929,-30.416076549983202],[30.239749942641577,-30.373999941370638],[30.25757006849059,-30.361849940650234],[30.294519943417978,-30.376099941227395],[30.295822943215676,-30.368675940823966],[30.32413994310032,-30.327909941398804],[30.341900942833192,-30.30232694119582],[30.36579894278114,-30.24826094119863],[30.38082994336949,-30.250639941035256],[30.377339943372487,-30.22231994089544],[30.387704942989792,-30.201434940756055],[30.400109942976254,-30.206369940843572],[30.416399943401093,-30.198310066394207],[30.413729943226173,-30.188809941267273],[30.436109942960265,-30.182869940583537],[30.44189994313521,-30.17345994083925],[30.429290067878707,-30.167409941337933],[30.416659943147824,-30.142930065608855],[30.445489942804944,-30.08436994035473],[30.45760994296785,-30.09927994086138],[30.479939942793713,-30.10518994064484],[30.483009943305404,-30.087979940142134],[30.49639994333997,-30.098779941002235],[30.51378006786788,-30.087139940168658],[30.539929943155286,-30.09516994082932],[30.549489943379136,-30.114449940576453],[30.534409943303263,-30.12165994060874],[30.552239943198305,-30.133639940817027],[30.57251994330787,-30.140689941203853],[30.58775994341702,-30.124259941228537],[30.59611407395283,-30.123898298639443],[30.60376994286122,-30.10597994140843],[30.62540006841452,-30.097779940963573],[30.637439942785225,-30.087640065129445],[30.63608006830148,-30.073849939696622],[30.619147246593165,-30.073568881155328],[30.62454372252446,-30.055053754910176],[30.611613730596922,-30.047460894820926],[30.61812041750409,-30.033907660623534],[30.639768566882083,-30.02136725033774],[30.654787812083203,-29.991583898740522],[30.653280068132933,-29.973339939652778],[30.675250068069783,-29.922220939702598],[30.658549942833027,-29.921720064764685],[30.65793994259241,-29.895099939678126],[30.64606994263162,-29.90442994028319],[30.63634994321921,-29.900879939923932],[30.621379942606755,-29.885139939757767],[30.624949943043312,-29.86931993990733],[30.6206299435033,-29.852820064751903],[30.608569942806703,-29.83863993986527],[30.59451994259344,-29.83571494045942],[30.57487794273323,-29.8472349399411],[30.575969943448904,-29.831749940409097],[30.586469942600395,-29.78072993989995],[30.584459942622427,-29.759200064619556],[30.569389943494794,-29.73164994003094],[30.559999942644524,-29.728289939660026],[30.57239994330064,-29.70660994026316],[30.583750924405756,-29.65432283105823],[30.622169942585572,-29.66834994012496],[30.644669943516288,-29.654529940273076],[30.658430067651743,-29.63361994028264],[30.67375294310501,-29.61990206476306],[30.674129943412876,-29.604659939856113],[30.692089943214633,-29.60291993999001],[30.726089943205555,-29.606040065067553],[30.727179943186947,-29.570939939929545],[30.708949943209007,-29.571469939926335],[30.702519942823603,-29.561129940320775],[30.70973994349294,-29.52722993983827],[30.724169943546585,-29.523719939744225],[30.724369943091588,-29.502720064880265],[30.734649942706383,-29.495309940060253],[30.747750067888397,-29.46706993968815],[30.748089943577348,-29.45343093978209],[30.768129943128457,-29.455040064775087],[30.766180067820567,-29.487989939928152],[30.79030994310883,-29.476279939650645],[30.79354994298595,-29.449549940160505],[30.85006594354771,-29.40369694021675],[30.88839194294784,-29.41561294007216],[30.915039943117055,-29.390369940289258],[30.91545994317308,-29.382839939654414],[30.888539943347478,-29.3762800645856],[30.880389943213878,-29.367669940232176],[30.884639943429217,-29.345749939587776],[30.866559942965218,-29.326859940346242],[30.854649942661244,-29.32222006477886],[30.857519943352727,-29.30239994012521],[30.879570067672834,-29.28244006518311],[30.87718994350387,-29.275589940413774],[30.894739942802453,-29.28749994022819],[30.90498994319043,-29.270359939823233],[30.916037942681367,-29.280622939652403],[30.92650994309936,-29.271559939940413],[30.95114994328921,-29.26997993969257],[30.97253994331727,-29.273680064955705],[30.981189943366935,-29.269259939856173],[30.980619943465438,-29.242739940086125],[30.984729943599163,-29.224109939769246],[30.946539942781648,-29.197119939781537],[30.95024994285937,-29.191839939797447],[30.92780994287407,-29.17945994023833],[30.902459943310454,-29.172490064593983],[30.88110994277517,-29.16009006502719],[30.870759943261103,-29.163729939848324],[30.862719942912744,-29.147510064575076],[30.86684994270213,-29.13413006504015],[30.876589943547085,-29.124619939573474],[30.910609943160498,-29.115759940420514],[30.90673706784266,-29.099886940250787],[30.9367199430691,-29.08019994021965],[30.95107994311969,-29.092109939678572],[30.974049943325483,-29.0805899396371],[31.00420994344179,-29.083899939786633],[31.023779943156946,-29.078830064833916],[31.00121994275053,-29.04330994030696],[30.980179943522685,-28.969889938634736],[30.968169943059806,-28.971889939283546],[30.960290068250618,-28.953390063571717],[30.92207994331942,-28.948419938864102],[30.928999942653608,-28.92595006356579],[30.91921994337852,-28.908489939140516],[30.9407299434271,-28.889599938786898],[30.963759942931095,-28.88258006413903],[30.97387994275235,-28.873740063717072],[30.988209942871865,-28.875779939039433],[30.99334994391357,-28.856479938966256],[30.984559942972652,-28.855569938688035],[30.966829943846346,-28.829269939381383],[30.98074994358913,-28.81974006420404],[30.986799943519276,-28.80512006392021],[30.963060068571643,-28.796559938741876],[30.95587994278576,-28.788819938563705],[30.943019943182087,-28.794380063643434],[30.9261099432156,-28.8151300641914],[30.940069943204605,-28.843029939348668],[30.917549943142095,-28.84790993911023],[30.903719943507213,-28.844129939073678],[30.900019942603617,-28.834670064392256],[30.913999943374243,-28.81252006409007],[30.9083399428389,-28.786280064112876],[30.885879943770586,-28.761139938822105],[30.877029943038124,-28.764099938826828],[30.865429943104765,-28.780000063706343],[30.833109942944688,-28.771699939121774],[30.811079943332654,-28.777399939349753],[30.79837994307861,-28.772219938586456],[30.81364994281295,-28.761060064137258],[30.8231699433098,-28.7428199389785],[30.794809942967845,-28.729579938853888],[30.783309942855453,-28.732519938569364],[30.770859943730844,-28.722680064128653],[30.75900994273798,-28.722060064191204],[30.75366994259187,-28.732049939163854],[30.764189944041835,-28.742419938842666],[30.766769942932182,-28.753820064309178],[30.74570994325787,-28.76576993909794],[30.740089942807554,-28.778120064265117],[30.748109943292704,-28.79825993878418],[30.743199942905523,-28.80398993904097],[30.696379943192536,-28.77896993929217],[30.69907394306692,-28.77193593880656],[30.721310068273944,-28.768300063681078],[30.72906994262402,-28.762170063869238],[30.714779943157634,-28.738479939382426],[30.69259994289699,-28.7324000644285],[30.664859943514113,-28.746689938983],[30.65403994308721,-28.740779939444323],[30.650109943412453,-28.72072993915198],[30.620929943229182,-28.71046993871581],[30.624929942859865,-28.698999939159837],[30.63617994336756,-28.69859993900936],[30.65168994280698,-28.689109938844016],[30.667720068363884,-28.685839939260397],[30.684489943011425,-28.663559938872783],[30.670315943300835,-28.6425520636722],[30.679929943538706,-28.64136993875034],[30.73243994344135,-28.665199939365866],[30.737809943116698,-28.658890063637312],[30.733930067630478,-28.642019938970822],[30.75329994293444,-28.6287799389976],[30.78851994275134,-28.62888006438647],[30.811049943081567,-28.603090064414715],[30.821359942774798,-28.581629939322667],[30.80250994269652,-28.57200506362457],[30.795070068399205,-28.561149939158398],[30.759209942761192,-28.542129938777148],[30.770309943123067,-28.531320064347817],[30.771419943342252,-28.517499938977153],[30.803961943380674,-28.517825938596857],[30.832659942911246,-28.4637299390782],[30.96541994297276,-28.406320064270194],[30.990259943088887,-28.399849939371038],[30.996369942978287,-28.42203993877062],[31.018129943196083,-28.42577006439326],[31.026159943137493,-28.436419938855575],[31.023579942663968,-28.451700064313833],[31.04328994323632,-28.45687493932678],[31.05769994353888,-28.465399938586792],[31.064919942810842,-28.478219939245758],[31.062849943218332,-28.487709939164304],[31.07927994333198,-28.493150063807064],[31.081099943339364,-28.50520993901596],[31.10013994316616,-28.502540063877962],[31.11838994293313,-28.51168993942457],[31.106360068613384,-28.528069939229475],[31.122329942961223,-28.53795993886516],[31.14998994385432,-28.543710063862658],[31.158539943896777,-28.551114938629947],[31.184289943834266,-28.53688993925766],[31.189529944226802,-28.4993799388079],[31.219759943832813,-28.476969938741806],[31.249139943753676,-28.462209938629503],[31.274927611103372,-28.483667929821024],[31.301289943859988,-28.46014006411651],[31.30886006906611,-28.469890063546888],[31.32945094444458,-28.449164938892014],[31.331859943799827,-28.431399938559835],[31.32886994373845,-28.415920064254745],[31.349369943902694,-28.38922993913246],[31.358509943994115,-28.393950063980633],[31.410873944135485,-28.458562938905416],[31.44545994400942,-28.477159938986503],[31.47613994453364,-28.469530063781416],[31.50439994420309,-28.47197993861784],[31.493629944515703,-28.43651006396872],[31.508699944721403,-28.422610064332478],[31.516569944626536,-28.43290006356743],[31.53221994442212,-28.432419938922326],[31.542879943807574,-28.4145999393336],[31.55273994380337,-28.41050993914724],[31.535959944452767,-28.394330064410656],[31.551439944612934,-28.382869938553515],[31.562459944682214,-28.388319938727975],[31.568499943967556,-28.375599939037347],[31.598089944681757,-28.373820064376247],[31.61043994465402,-28.376869938760965],[31.609449944169842,-28.397720064155504],[31.625899944713723,-28.40768006419822],[31.63885994409506,-28.40553993918422],[31.63788994469809,-28.394149939036637],[31.653179943972386,-28.38596006393148],[31.670649944461882,-28.402399938869443],[31.68318994401458,-28.382770064212842],[31.702064944494918,-28.371455063801143],[31.69771994385489,-28.35893006401869],[31.71979994429827,-28.29927993909115],[31.700399943993027,-28.269989939195067],[31.70305994482172,-28.227309939130603],[31.733409944130177,-28.218509939068802],[31.744889944868017,-28.233080064300733],[31.754979944547003,-28.221819939180673],[31.782210069154004,-28.21558006361832],[31.791070068940165,-28.219559939167375],[31.807360069819016,-28.216039939272832],[31.799899944448374,-28.195300064259797],[31.807089944012844,-28.18874993856674],[31.79115994476536,-28.162860063924704],[31.801069943937254,-28.154470063840332],[31.792889944484656,-28.14094993909358],[31.802779944730744,-28.137029939127554],[31.80720994453197,-28.105149939253145],[31.826229944411388,-28.065599939254987],[31.819239944814026,-28.038040064280004],[31.833289944576677,-28.02851993910361],[31.850699943988406,-28.026569939109095],[31.874419944354358,-28.036859938819116],[31.885339944882325,-28.030000063674972],[31.897129944449137,-28.03286993868164],[31.909499944046622,-28.025119939274763],[31.921199944036868,-28.02805993862744],[31.926079944778245,-28.03957993911716],[31.940139944438474,-28.048500063536267],[31.948059944384557,-28.01313006413642],[31.937040069204443,-27.976589938777217],[31.947129944439506,-27.967610063780278],[31.956399944700635,-27.943209939347813],[31.968709944412343,-27.930920063095094],[31.984749944425506,-27.928720063319556],[32.00038994482246,-27.933710063238234],[32.03187994498899,-27.928580062655715],[31.996179944348114,-27.88526993839306],[31.951619944293103,-27.619079937540416],[31.960109944562937,-27.592939938154245],[31.978609944341663,-27.59676993837345],[31.986959944744864,-27.579909937912436],[32.01734994481283,-27.594430062520505],[32.05013994494862,-27.58379993839966],[32.04265994412623,-27.55516006296987],[32.0314599449292,-27.54218006327435],[32.029319944099,-27.524159938065974],[32.02069994445854,-27.512840062735506],[32.01023994477021,-27.456899938233395],[32.0047299449032,-27.401619938296072],[31.999789944269217,-27.3835899377497],[31.9851199447489,-27.369599938252897],[31.99005994405608,-27.346279938008525],[31.989529944458482,-27.328610063071054],[31.977759944466516,-27.317520063102393],[31.976379944674168,-27.30234993829342],[31.977109944828296,-27.222837063065477],[31.974099944418374,-27.148409938412815],[31.977039944834647,-27.130570062854126],[31.97454994490428,-27.116409937764978],[31.97960994464913,-27.091019938216522],[31.98670994406428,-27.006230063233666],[31.98443994446092,-27.001209938026523],[32.00046994470635,-26.93805993828008],[31.995959944086763,-26.924149937720333],[32.00094994477178,-26.903179937538955],[32.01585994430318,-26.81988006203993],[32.01126994462134,-26.81022006182766],[32.03523994439566,-26.80733993712489],[32.04688994446696,-26.817720062168135],[32.092559944522684,-26.804870061540246],[32.10520994483724,-26.809289937200806],[32.120239944407835,-26.83882006229544],[32.13894994471661,-26.840510062327596],[32.14538994438269,-26.85011006169384],[32.16883994452642,-26.860559936882275],[32.18633006972821,-26.86299006239074],[32.20534994436616,-26.85386993688585],[32.208069944369804,-26.8400600617993],[32.22029994551655,-26.832849936710602],[32.24856994583098,-26.840409937133536],[32.25528994569998,-26.84768006215263],[32.27944994618494,-26.848690062011286],[32.31074994586095,-26.856020061536366],[32.32168994626057,-26.852990062325024],[32.33242994534175,-26.863820062156343],[32.34588994579997,-26.85590006187938],[32.34684994570367,-26.864050061612044],[32.56572994579671,-26.864480061854707],[32.68294994622908,-26.86813993649704],[32.72578994643236,-26.86770006201832],[32.772499946569056,-26.862750062174158],[32.80518994636104,-26.864480061660338],[32.85733994672697,-26.863959937315165],[32.891333946990414,-26.857862937079584],[32.944984946525835,-26.871974937607554],[32.93667294663371,-26.895741062674954],[32.93146894651843,-26.944653063033336],[32.92784094697896,-26.95670506276906],[32.930934946446904,-26.974547937876213],[32.91920494652856,-27.01191306270073],[32.922309946649996,-27.021564063291592],[32.90380507131948,-27.075392062470776],[32.90357194721239,-27.089490937412013],[32.894229946253844,-27.11273193762777],[32.89649894645388,-27.120415062980616],[32.882224946483305,-27.144613063271212],[32.88127494670783,-27.15368293807118],[32.86029394626502,-27.187926938310685],[32.86155694707259,-27.204329937416635],[32.846618946990425,-27.234991062752496],[32.84635094640031,-27.24637593745496],[32.828777946152904,-27.277175938178544],[32.826556946853614,-27.294518938300335],[32.804870946735065,-27.34048793759791],[32.80372994630565,-27.35376006305913],[32.79568507119836,-27.36665293772738],[32.76630794677066,-27.447711938194413],[32.75359294698685,-27.465848938095938],[32.73423394658176,-27.50646206306471],[32.73058694690394,-27.534995937972326],[32.73619494627443,-27.541613063258428],[32.72782494606715,-27.5736259376816],[32.713958946285494,-27.6095829379073],[32.71052594686947,-27.63548506306973],[32.69408794645324,-27.699190062673726],[32.68087794630501,-27.73095906260271],[32.66284461804601,-27.794708255704936],[32.655543946188075,-27.83186293824924],[32.64571394620391,-27.90169506272391],[32.64947194599252,-27.942397938157715],[32.640570946224194,-27.98742493880748],[32.632281946563,-28.018466938624556],[32.6160469467005,-28.09256393859514],[32.61483274951485,-28.133148029760157],[32.614646946459715,-28.14168693927056],[32.6002809463524,-28.18232206351603],[32.566218946669984,-28.24935006400662],[32.53155894565432,-28.309642938888718],[32.494746945876216,-28.366361938921845],[32.48299794562467,-28.38829206357691],[32.47961394617344,-28.406114939325292],[32.483462946417426,-28.42608293864594],[32.47060794584434,-28.485335938761445],[32.41476794645865,-28.476392938681673],[32.411449946449,-28.495149939280687],[32.40015994603692,-28.52378993876704],[32.368949946011206,-28.5684000639844],[32.3396599460604,-28.595929939038964],[32.312259945771714,-28.614449939162533],[32.29749994551482,-28.634200064209182],[32.27583994590721,-28.650900063935183],[32.24982994597102,-28.666470064207147],[32.22454994618609,-28.686279939162663],[32.19406994465524,-28.71937006398617],[32.14711939239353,-28.75880539719661],[32.12501994493181,-28.78154993868715],[32.100629944306256,-28.79913993898768],[32.090359944972455,-28.812849939177106],[32.06617994424886,-28.8316299391977],[32.02933994407382,-28.865399938584897],[32.004229944484194,-28.882210064228087],[31.960319944088027,-28.900489939164512],[31.945289944542722,-28.904200064273578],[31.918539944096914,-28.91746993895815],[31.88439994432576,-28.926170063832984],[31.842339944924625,-28.941509939081122],[31.815709944887,-28.945739939321847],[31.76534994402848,-28.965429938647812],[31.73518994473435,-28.993289938782812],[31.711209944302055,-29.02247993975225],[31.67531394484721,-29.054893064589162],[31.630309944196547,-29.0985500646275],[31.60339994450571,-29.132590064560286],[31.573529944161116,-29.165789940381977],[31.540559944535286,-29.19336006456453],[31.500249943821377,-29.230139940110398],[31.45350994411141,-29.267600064827153],[31.44314936267206,-29.279641070061594],[31.43775994462003,-29.292739940143544],[31.414469943976588,-29.31217993965347],[31.392689944553997,-29.336949940356085],[31.34081994421502,-29.382049940100543],[31.33575994380363,-29.39428994021642],[31.314654943919223,-29.4139449397401],[31.258509943989264,-29.484999940039646],[31.233439944251664,-29.511019940229275],[31.223519943831473,-29.53657994018218],[31.18575494426493,-29.571784940078995],[31.158999943791652,-29.612969939795125],[31.12801994359512,-29.65357993983262],[31.123919943463296,-29.664310064894007],[31.09603994294493,-29.711640064555674],[31.088809943589787,-29.728059939786014],[31.059919942827555,-29.77099994000525],[31.048710068069063,-29.792520065270875],[31.038409943567057,-29.823229940432054],[31.038650068467376,-29.848269940124396],[31.046689943625164,-29.86541006476335],[31.061419943044164,-29.875979940361223],[31.031499942932694,-29.91324994030802],[30.99733994302705,-29.948779940410276],[30.968519942942333,-29.982329939993907],[30.953589942641813,-29.993049940237363],[30.898679943188647,-30.041720064672766],[30.88391994286521,-30.059959940194265],[30.86324694294683,-30.093529940934292],[30.850209943064236,-30.125330065760725],[30.83222994276768,-30.150389940747846],[30.805199942648144,-30.198240066172012],[30.798469942716835,-30.221139940986912],[30.764867942975652,-30.268783940957906],[30.759879943228146,-30.288789940585037],[30.746930942615812,-30.305196066392245],[30.735679943175096,-30.3388099410965],[30.70237994354801,-30.376050066025844],[30.69301994340378,-30.39582994073874],[30.673689943383263,-30.420270065755904],[30.673739943435915,-30.428859941418327],[30.66113994357827,-30.443679941075114],[30.653699943246643,-30.46376994126769],[30.63431994319614,-30.487450065845895],[30.629299942989057,-30.503000066252664],[30.61320994264608,-30.521649941244366],[30.605099942780523,-30.540539941223955],[30.583549943107,-30.560709941162056],[30.569109943117592,-30.591469940932548],[30.548249942659787,-30.61346994142762],[30.5373899433148,-30.63843994076138],[30.519099943131607,-30.657309940711066],[30.510159943306487,-30.676999940669827],[30.498759942881424,-30.688059941329687],[30.480659943051723,-30.71519994124795],[30.468019943035987,-30.72662994093302],[30.41283994293425,-30.805579941330702],[30.404509943215434,-30.82830006623251],[30.39336994287557,-30.84414994061642],[30.350019943263057,-30.88863994126308],[30.346949942951646,-30.89862994119498],[30.304470067877922,-30.94132994065017],[30.295999942781894,-30.96532994144418],[30.285969943027816,-30.97140994070711],[30.25429994336052,-31.019259940920712],[30.228359942897537,-31.044900065942137],[30.227479943183702,-31.058289940703343],[30.20892994309133,-31.07513994133584],[30.19385979380071,-31.081260201930046]]]},"properties":{"Union":"Dolphins"}},{"type":"Feature","geometry":{"type":"Polygon","coordinates":[[[30.32413994310032,-30.327909941398804],[30.295822943215676,-30.368675940823966],[30.294519943417978,-30.376099941227395],[30.25757006849059,-30.361849940650234],[30.239749942641577,-30.373999941370638],[30.22901757344929,-30.416076549983202],[30.222785930814553,-30.41867559177773],[30.221112822164834,-30.437051937167386],[30.23085671413289,-30.458532521149078],[30.232171366752134,-30.472737902747124],[30.202744245385777,-30.470147706043466],[30.178270625508553,-30.457854374568132],[30.177497301485605,-30.445683431850515],[30.184022972630064,-30.428598902305747],[30.183124726792723,-30.414821821804253],[30.171449942905443,-30.402590065869468],[30.114489943377567,-30.40203994120177],[30.119429942915335,-30.41318994073409],[30.11093994321428,-30.42390994069511],[30.099779943397387,-30.41715994141403],[30.082259943321635,-30.430559941381205],[30.075009942764407,-30.44660994139632],[30.059060066516203,-30.445079941292814],[30.053269941888715,-30.452809940627873],[30.056959942159708,-30.467349941348196],[30.022959941975444,-30.47165994109053],[30.001599942304505,-30.493709940973808],[30.0011389420103,-30.522467940694217],[29.98938006696066,-30.52855994120286],[29.993229941640667,-30.542790065831856],[29.954525397772056,-30.56563030187728],[29.948506162965405,-30.58434241492832],[29.920728571680034,-30.549530626436617],[29.893766546945262,-30.560695994184673],[29.871189941505225,-30.55698994083891],[29.857540067341464,-30.558710065811173],[29.85504006718889,-30.54481994137509],[29.834759941519053,-30.54282994102398],[29.81332506719156,-30.53509494118796],[29.78215994224868,-30.510459941336098],[29.763609941617247,-30.511309941319237],[29.74767196327813,-30.51735997820728],[29.710889942287427,-30.516099940897973],[29.69241561237296,-30.51954523988053],[29.688396875242503,-30.519556678040964],[29.66969994242998,-30.519609940780864],[29.645719942463693,-30.527179940649106],[29.647669942356757,-30.549379941215054],[29.64063994228326,-30.562039940566326],[29.586249942011204,-30.617079941112582],[29.572200040725626,-30.65514997290956],[29.543550295618402,-30.64718652993651],[29.5242899699147,-30.641160036448124],[29.51235997199276,-30.618219983391405],[29.46858996979554,-30.624159970855853],[29.442990036028043,-30.639039970338743],[29.40134004015452,-30.639439970945322],[29.385529970772897,-30.650119970682937],[29.372800038242264,-30.64896003496409],[29.345639974666106,-30.67172996765433],[29.322499978523858,-30.644479977738257],[29.30351996976596,-30.63935003533311],[29.2773199595826,-30.637279962133128],[29.261329976346893,-30.6211599768632],[29.204869969676462,-30.620139971233947],[29.198629972136338,-30.633299967955892],[29.181899960845215,-30.640949961653973],[29.168099981162413,-30.613079980386296],[29.135250001490164,-30.605139978171596],[29.146039939003288,-30.59523996896703],[29.123829957946647,-30.58707996290437],[29.115259999038575,-30.57962002403359],[29.15145997325501,-30.560369969207226],[29.15774997324585,-30.553829969912755],[29.14482997189949,-30.53098996862305],[29.150359970984557,-30.510389966669415],[29.177309971953836,-30.51572996917307],[29.187849970751696,-30.48424996745442],[29.198359970203057,-30.462339968635558],[29.19676998216951,-30.434390035238895],[29.218469972600897,-30.421189969790177],[29.238199969040704,-30.404940035201747],[29.28243995148096,-30.395730026910194],[29.27709006048983,-30.376249987615676],[29.30500997618018,-30.379859950128207],[29.29878995880177,-30.353209959971075],[29.291859979937346,-30.345639979684957],[29.301859964613044,-30.32011995684584],[29.26219996962005,-30.27839996998706],[29.23683997077443,-30.266889969034697],[29.231459969630485,-30.26905996785276],[29.25471997023147,-30.30482996886358],[29.233359970305514,-30.306309960884718],[29.227529972179166,-30.29744997843083],[29.188109973253354,-30.288739967630825],[29.163219972775224,-30.273689971398255],[29.151149972143408,-30.256639969423908],[29.137169970589042,-30.262339971884963],[29.126009970590683,-30.238479970688157],[29.132209968619577,-30.21635996985876],[29.11026997187589,-30.199319966817885],[29.113749973040534,-30.190459968927943],[29.10368997255577,-30.180540036301412],[29.117389971532685,-30.15959996622709],[29.12126995905056,-30.142919967141776],[29.11537996968499,-30.132509970581744],[29.119359969874075,-30.122479970154846],[29.117240037306562,-30.100189968241214],[29.107339964189194,-30.078489958366706],[29.090130029663438,-30.056699981291047],[29.067829964859747,-30.044039954890756],[29.044949978217538,-30.01296998164335],[29.014739972064117,-30.001799970224205],[29.029959941762296,-29.997209940085565],[29.03269994225195,-29.98694993963686],[29.050929941959495,-29.982189939906792],[29.068299942307952,-29.970469940286936],[29.083809941916186,-29.953069940386477],[29.102580067157643,-29.95757006498326],[29.10898994190826,-29.936969939551027],[29.12511994190216,-29.93028993987184],[29.1547900675201,-29.92588006518643],[29.16882494185078,-29.912705064744788],[29.16116994201091,-29.90834006456146],[29.15999006721242,-29.88288993975159],[29.148879941922242,-29.883929939652223],[29.14523994169886,-29.870020064823983],[29.131789942285035,-29.859859939798447],[29.102640067187707,-29.850139940265738],[29.1179899421206,-29.833650064710326],[29.131659942403132,-29.825630065008685],[29.12365994248705,-29.807329939614835],[29.13015994247798,-29.771950064608497],[29.151709941666866,-29.733159940104027],[29.145239941865523,-29.71640994031894],[29.158979942278986,-29.703930064555486],[29.163439941916604,-29.688210065343693],[29.18342994201235,-29.668219940321002],[29.20884006666909,-29.659579939996075],[29.217400067104222,-29.648279940324418],[29.235879941978737,-29.63977994043292],[29.2652099419116,-29.639159940199846],[29.279189941978572,-29.644739940404005],[29.29220994246922,-29.616469940397018],[29.292349942480957,-29.600479940047325],[29.284799941770846,-29.586439939975758],[29.319739941870235,-29.581399940043365],[29.325129942383438,-29.569800064639267],[29.307649941636267,-29.554459940421292],[29.3130099422827,-29.536910065445266],[29.29721994193323,-29.522339940406848],[29.305719942253557,-29.516220065322422],[29.299845520663826,-29.498935518623362],[29.293180067264654,-29.49051994003237],[29.306709942010375,-29.48294006465581],[29.315999941540493,-29.488049939873317],[29.329349941917837,-29.47016006523356],[29.345820066569644,-29.46524994043799],[29.361859941824157,-29.469359940222773],[29.403389942396927,-29.444019939901562],[29.399619942456873,-29.435769939785043],[29.410729941873164,-29.417059940180692],[29.42261994252332,-29.414099940427352],[29.419449941654094,-29.396939940277615],[29.436149942483315,-29.38687006494938],[29.44881994184034,-29.368099939705917],[29.441569941890396,-29.35758993998789],[29.44437994200476,-29.34415993988502],[29.455459942243905,-29.34124993976419],[29.45169994194006,-29.320969939744405],[29.43844994217852,-29.309070065365724],[29.44300994159766,-29.298079939747154],[29.43652994202259,-29.28602006531597],[29.436959941496486,-29.264559939608297],[29.41846994171602,-29.25807993984128],[29.425939941566202,-29.249499939592223],[29.42168994215195,-29.23839994041572],[29.406899941714215,-29.228770065106925],[29.407429941722793,-29.211559939897942],[29.381099942097602,-29.20141993964463],[29.366969942254677,-29.205359939925664],[29.35662994154575,-29.20131993997949],[29.344579942410817,-29.187489939558276],[29.348459942379606,-29.160919939736058],[29.34396994174276,-29.153139939958447],[29.357050041425346,-29.134250606120244],[29.355509942426224,-29.126779940268257],[29.329199941652185,-29.101539940281555],[29.307819942239348,-29.076629940303597],[29.278229941899774,-29.07597993969724],[29.259249941931632,-29.09045993973727],[29.227609942007753,-29.062740064824023],[29.225469941672273,-29.049239940126533],[29.21118994235187,-29.038049940266344],[29.21549006731997,-29.02628993963628],[29.19994994222994,-29.014689938601272],[29.185639941624547,-29.01326993944388],[29.177479941932067,-29.00307006391908],[29.15918994196454,-29.003070063967435],[29.151489942454607,-28.987649939109737],[29.12478994156958,-28.98047993906764],[29.127490066692435,-28.96463006437536],[29.099169941620605,-28.941910064336273],[29.07890006745323,-28.939349938835797],[29.074789941686834,-28.918779939444605],[29.042219942242394,-28.91529006412977],[29.01755006730887,-28.881590063925834],[29.012049942388334,-28.897349939001618],[28.994509941813636,-28.904980064264418],[28.990399940731464,-28.91448993883399],[28.972989940794083,-28.907399938762143],[28.974890066275254,-28.892939939079472],[28.939220065775302,-28.859999939010077],[28.946249941336276,-28.846249938868734],[28.94589994076629,-28.8251499392616],[28.921899940845503,-28.812529938726975],[28.94910994085102,-28.804189938741505],[28.936459940511877,-28.79270006373778],[28.94381006645558,-28.782659938840407],[28.914649941332154,-28.769480064225473],[28.90495994145572,-28.759150064105572],[28.88804994115009,-28.77503993943198],[28.87362697242778,-28.770711900244663],[28.883009971436344,-28.748659964916897],[28.891339968624347,-28.746489970172128],[28.899989971181174,-28.703230033970392],[28.896229979285142,-28.694739981860213],[28.921999970990512,-28.6636899627013],[28.942769954577678,-28.650900029211016],[28.940890035501276,-28.631389967709485],[28.94857004541883,-28.613289967077478],[28.965959943408183,-28.605310026568773],[28.961279972163318,-28.597169969276344],[28.97399097719398,-28.574560039332624],[29.09631996988507,-28.545090034200744],[29.134999968439114,-28.56629996737978],[29.16151997333221,-28.542119969212933],[29.196409973646254,-28.545040025039153],[29.216249956618274,-28.51904995358842],[29.191499979179618,-28.493779978402753],[29.229011959809164,-28.45628596617885],[29.248749970887015,-28.424899967433717],[29.290099970302734,-28.437890033742168],[29.322629968866497,-28.42395996875768],[29.320109973159944,-28.406789969034715],[29.357450980211826,-28.38796902305814],[29.375559976651985,-28.37210997081674],[29.41430996757208,-28.375910016385603],[29.42770004665577,-28.339309966702054],[29.438059959529898,-28.332140034864167],[29.437579972903404,-28.32112996887507],[29.458749970217948,-28.31042996938106],[29.47925996995284,-28.29072997012343],[29.482929970813977,-28.272199966980406],[29.50992004379312,-28.265439937360565],[29.55058997514626,-28.247199981871688],[29.558679972870515,-28.258340033706936],[29.619765027135745,-28.2412199597756],[29.624419958258283,-28.22494996698036],[29.60955998739277,-28.215029970121076],[29.626339968760085,-28.185739969783402],[29.662849956968397,-28.177250025685538],[29.66328993378791,-28.142020045206706],[29.652589972010475,-28.098809965982905],[29.65547997673341,-28.090020026092752],[29.631819982625633,-28.069019976363048],[29.616861982804693,-28.046838015632634],[29.639389971733436,-28.015539968076755],[29.635879971167835,-27.994529968859897],[29.6506999718485,-27.967120035109694],[29.66355997013335,-27.957309967574123],[29.67684995875975,-27.959510043034243],[29.673239972508924,-27.943160032770574],[29.657649978479725,-27.937400023870225],[29.657774982758106,-27.924469978352903],[29.671709970237114,-27.91698996602269],[29.690349970681908,-27.89572996691562],[29.68271998331484,-27.888009971344317],[29.687240036489367,-27.87799003318648],[29.68709999563097,-27.858520047697816],[29.700739968788273,-27.854370031991092],[29.693149978340664,-27.83931997880654],[29.697029978604952,-27.824480039004815],[29.70949996945548,-27.815739967309106],[29.731259970034024,-27.80807996634287],[29.70779997335302,-27.77523996840119],[29.70303996849185,-27.761449967595887],[29.70909997162126,-27.738940032288546],[29.70899003719841,-27.69849996617931],[29.693869963939278,-27.695259958218035],[29.685409960109467,-27.68137996101617],[29.670119978766454,-27.670129977075188],[29.671169982232126,-27.65054002186903],[29.676799970052333,-27.639689969171528],[29.697859970932875,-27.640839967205896],[29.72008997141355,-27.62802996770546],[29.73480997012862,-27.60709996769268],[29.752209972877743,-27.60508996594111],[29.779559971072114,-27.587300031829372],[29.783849973114187,-27.571170032117795],[29.78042003735125,-27.55952996814175],[29.758359972025602,-27.527110032874194],[29.735999971250788,-27.519569966551582],[29.724559972518232,-27.52425996636387],[29.71236503671667,-27.518439968752446],[29.71051997871703,-27.49866002677161],[29.721619972935503,-27.488349967393294],[29.703169981476684,-27.471999970569346],[29.735180025101066,-27.450749972872284],[29.758679986136787,-27.442570015250894],[29.77343998602418,-27.45380998096493],[29.79090999049962,-27.459220016243602],[29.810689986758533,-27.44476998115874],[29.81451998620519,-27.43057998126822],[29.822649988285193,-27.427299982578663],[29.821659984605773,-27.411529980973533],[29.83374998743718,-27.403779981375],[29.840189998525897,-27.37898998215986],[29.866209988320808,-27.384149982870806],[29.88507998814787,-27.37658001661177],[29.899139977165788,-27.385490028158426],[29.909429979593792,-27.37380002059906],[29.917219986424016,-27.35440998260057],[29.9784699866657,-27.37299001817429],[29.99506998700694,-27.388370015970967],[30.016241986157944,-27.397589020148217],[30.030599989412977,-27.386699982541835],[30.03957998381606,-27.389260018156616],[30.06828997886814,-27.365870020650668],[30.086819984585627,-27.36849998283271],[30.11160998860943,-27.386529982823216],[30.1434150255557,-27.41339402495266],[30.152719979354586,-27.404280022403803],[30.150239985732803,-27.39224998561791],[30.165839990300128,-27.387499984144114],[30.190069979734158,-27.368870019893073],[30.1980799836302,-27.355180022876898],[30.22863998475398,-27.365349987692014],[30.234669988417973,-27.380739968591275],[30.24658998798939,-27.373859983794475],[30.279930015582238,-27.368589975876947],[30.278729985372284,-27.332630015603193],[30.282489986241135,-27.314439983030258],[30.30221998530511,-27.31739498211674],[30.31752998406123,-27.301980021265997],[30.32837498006139,-27.299639981700487],[30.366709989616176,-27.311689982713673],[30.367609987949084,-27.26742997955988],[30.397619987405285,-27.27377997892326],[30.42644998883295,-27.269830019442324],[30.425979978805735,-27.314960016443084],[30.433459986928106,-27.325680016062876],[30.448269997991506,-27.327739937758324],[30.46646998812737,-27.324200018197878],[30.49632998667918,-27.312510015944973],[30.527049997379603,-27.315749990293735],[30.556719989624067,-27.32740998439445],[30.58773998922995,-27.322949981112817],[30.66061999059567,-27.287920009652584],[30.706799990032916,-27.283289986979497],[30.717899990238156,-27.287239987930942],[30.729449988007463,-27.29957998370363],[30.73833998381837,-27.2941699829944],[30.76310998456334,-27.30866001664077],[30.76991998594813,-27.325359984037217],[30.790989981875395,-27.31845002115219],[30.80430998458643,-27.32429998437215],[30.809029987844987,-27.33927001831728],[30.8254699946943,-27.340799987903758],[30.829679989372817,-27.35014998240042],[30.857589982045727,-27.343300016345417],[30.864649988900435,-27.33206998297912],[30.864319983553465,-27.31545998336562],[30.90912998182381,-27.305309982036317],[30.92215998856212,-27.305049981734253],[30.92367998498025,-27.33127001907902],[30.939419984895952,-27.346760017855903],[30.940839985050747,-27.36694998382858],[30.955789989017966,-27.359709982818526],[30.962339983187242,-27.365640018050083],[30.976909984893112,-27.35826998212949],[31.001939986739806,-27.35888998190029],[31.008429981840546,-27.348760016193946],[31.020869987497612,-27.360420013148758],[31.031179984962108,-27.34624001614144],[31.048439982229787,-27.34513001736784],[31.065879986533602,-27.338349982586077],[31.10095998812769,-27.33576002078774],[31.140865024219952,-27.362659979552348],[31.1658699924827,-27.368520013030913],[31.204839985202643,-27.31704998166728],[31.274329980397635,-27.243170020816226],[31.493689943824272,-27.31516006285664],[31.977759944466516,-27.317520063102393],[31.989529944458482,-27.328610063071054],[31.99005994405608,-27.346279938008525],[31.9851199447489,-27.369599938252897],[31.999789944269217,-27.3835899377497],[32.0047299449032,-27.401619938296072],[32.01023994477021,-27.456899938233395],[32.02069994445854,-27.512840062735506],[32.029319944099,-27.524159938065974],[32.0314599449292,-27.54218006327435],[32.04265994412623,-27.55516006296987],[32.05013994494862,-27.58379993839966],[32.01734994481283,-27.594430062520505],[31.986959944744864,-27.579909937912436],[31.978609944341663,-27.59676993837345],[31.960109944562937,-27.592939938154245],[31.951619944293103,-27.619079937540416],[31.996179944348114,-27.88526993839306],[32.03187994498899,-27.928580062655715],[32.00038994482246,-27.933710063238234],[31.984749944425506,-27.928720063319556],[31.968709944412343,-27.930920063095094],[31.956399944700635,-27.943209939347813],[31.947129944439506,-27.967610063780278],[31.937040069204443,-27.976589938777217],[31.948059944384557,-28.01313006413642],[31.940139944438474,-28.048500063536267],[31.926079944778245,-28.03957993911716],[31.921199944036868,-28.02805993862744],[31.909499944046622,-28.025119939274763],[31.897129944449137,-28.03286993868164],[31.885339944882325,-28.030000063674972],[31.874419944354358,-28.036859938819116],[31.850699943988406,-28.026569939109095],[31.833289944576677,-28.02851993910361],[31.819239944814026,-28.038040064280004],[31.826229944411388,-28.065599939254987],[31.80720994453197,-28.105149939253145],[31.802779944730744,-28.137029939127554],[31.792889944484656,-28.14094993909358],[31.801069943937254,-28.154470063840332],[31.79115994476536,-28.162860063924704],[31.807089944012844,-28.18874993856674],[31.799899944448374,-28.195300064259797],[31.807360069819016,-28.216039939272832],[31.791070068940165,-28.219559939167375],[31.782210069154004,-28.21558006361832],[31.754979944547003,-28.221819939180673],[31.744889944868017,-28.233080064300733],[31.733409944130177,-28.218509939068802],[31.70305994482172,-28.227309939130603],[31.700399943993027,-28.269989939195067],[31.71979994429827,-28.29927993909115],[31.69771994385489,-28.35893006401869],[31.702064944494918,-28.371455063801143],[31.68318994401458,-28.382770064212842],[31.670649944461882,-28.402399938869443],[31.653179943972386,-28.38596006393148],[31.63788994469809,-28.394149939036637],[31.63885994409506,-28.40553993918422],[31.625899944713723,-28.40768006419822],[31.609449944169842,-28.397720064155504],[31.61043994465402,-28.376869938760965],[31.598089944681757,-28.373820064376247],[31.568499943967556,-28.375599939037347],[31.562459944682214,-28.388319938727975],[31.551439944612934,-28.382869938553515],[31.535959944452767,-28.394330064410656],[31.55273994380337,-28.41050993914724],[31.542879943807574,-28.4145999393336],[31.53221994442212,-28.432419938922326],[31.516569944626536,-28.43290006356743],[31.508699944721403,-28.422610064332478],[31.493629944515703,-28.43651006396872],[31.50439994420309,-28.47197993861784],[31.47613994453364,-28.469530063781416],[31.44545994400942,-28.477159938986503],[31.410873944135485,-28.458562938905416],[31.358509943994115,-28.393950063980633],[31.349369943902694,-28.38922993913246],[31.32886994373845,-28.415920064254745],[31.331859943799827,-28.431399938559835],[31.32945094444458,-28.449164938892014],[31.30886006906611,-28.469890063546888],[31.301289943859988,-28.46014006411651],[31.274927611103372,-28.483667929821024],[31.249139943753676,-28.462209938629503],[31.219759943832813,-28.476969938741806],[31.189529944226802,-28.4993799388079],[31.184289943834266,-28.53688993925766],[31.158539943896777,-28.551114938629947],[31.14998994385432,-28.543710063862658],[31.122329942961223,-28.53795993886516],[31.106360068613384,-28.528069939229475],[31.11838994293313,-28.51168993942457],[31.10013994316616,-28.502540063877962],[31.081099943339364,-28.50520993901596],[31.07927994333198,-28.493150063807064],[31.062849943218332,-28.487709939164304],[31.064919942810842,-28.478219939245758],[31.05769994353888,-28.465399938586792],[31.04328994323632,-28.45687493932678],[31.023579942663968,-28.451700064313833],[31.026159943137493,-28.436419938855575],[31.018129943196083,-28.42577006439326],[30.996369942978287,-28.42203993877062],[30.990259943088887,-28.399849939371038],[30.96541994297276,-28.406320064270194],[30.832659942911246,-28.4637299390782],[30.803961943380674,-28.517825938596857],[30.771419943342252,-28.517499938977153],[30.770309943123067,-28.531320064347817],[30.759209942761192,-28.542129938777148],[30.795070068399205,-28.561149939158398],[30.80250994269652,-28.57200506362457],[30.821359942774798,-28.581629939322667],[30.811049943081567,-28.603090064414715],[30.78851994275134,-28.62888006438647],[30.75329994293444,-28.6287799389976],[30.733930067630478,-28.642019938970822],[30.737809943116698,-28.658890063637312],[30.73243994344135,-28.665199939365866],[30.679929943538706,-28.64136993875034],[30.670315943300835,-28.6425520636722],[30.684489943011425,-28.663559938872783],[30.667720068363884,-28.685839939260397],[30.65168994280698,-28.689109938844016],[30.63617994336756,-28.69859993900936],[30.624929942859865,-28.698999939159837],[30.620929943229182,-28.71046993871581],[30.650109943412453,-28.72072993915198],[30.65403994308721,-28.740779939444323],[30.664859943514113,-28.746689938983],[30.69259994289699,-28.7324000644285],[30.714779943157634,-28.738479939382426],[30.72906994262402,-28.762170063869238],[30.721310068273944,-28.768300063681078],[30.69907394306692,-28.77193593880656],[30.696379943192536,-28.77896993929217],[30.743199942905523,-28.80398993904097],[30.748109943292704,-28.79825993878418],[30.740089942807554,-28.778120064265117],[30.74570994325787,-28.76576993909794],[30.766769942932182,-28.753820064309178],[30.764189944041835,-28.742419938842666],[30.75366994259187,-28.732049939163854],[30.75900994273798,-28.722060064191204],[30.770859943730844,-28.722680064128653],[30.783309942855453,-28.732519938569364],[30.794809942967845,-28.729579938853888],[30.8231699433098,-28.7428199389785],[30.81364994281295,-28.761060064137258],[30.79837994307861,-28.772219938586456],[30.811079943332654,-28.777399939349753],[30.833109942944688,-28.771699939121774],[30.865429943104765,-28.780000063706343],[30.877029943038124,-28.764099938826828],[30.885879943770586,-28.761139938822105],[30.9083399428389,-28.786280064112876],[30.913999943374243,-28.81252006409007],[30.900019942603617,-28.834670064392256],[30.903719943507213,-28.844129939073678],[30.917549943142095,-28.84790993911023],[30.940069943204605,-28.843029939348668],[30.9261099432156,-28.8151300641914],[30.943019943182087,-28.794380063643434],[30.95587994278576,-28.788819938563705],[30.963060068571643,-28.796559938741876],[30.986799943519276,-28.80512006392021],[30.98074994358913,-28.81974006420404],[30.966829943846346,-28.829269939381383],[30.984559942972652,-28.855569938688035],[30.99334994391357,-28.856479938966256],[30.988209942871865,-28.875779939039433],[30.97387994275235,-28.873740063717072],[30.963759942931095,-28.88258006413903],[30.9407299434271,-28.889599938786898],[30.91921994337852,-28.908489939140516],[30.928999942653608,-28.92595006356579],[30.92207994331942,-28.948419938864102],[30.960290068250618,-28.953390063571717],[30.968169943059806,-28.971889939283546],[30.980179943522685,-28.969889938634736],[31.00121994275053,-29.04330994030696],[31.023779943156946,-29.078830064833916],[31.00420994344179,-29.083899939786633],[30.974049943325483,-29.0805899396371],[30.95107994311969,-29.092109939678572],[30.9367199430691,-29.08019994021965],[30.90673706784266,-29.099886940250787],[30.910609943160498,-29.115759940420514],[30.876589943547085,-29.124619939573474],[30.86684994270213,-29.13413006504015],[30.862719942912744,-29.147510064575076],[30.870759943261103,-29.163729939848324],[30.88110994277517,-29.16009006502719],[30.902459943310454,-29.172490064593983],[30.92780994287407,-29.17945994023833],[30.95024994285937,-29.191839939797447],[30.946539942781648,-29.197119939781537],[30.984729943599163,-29.224109939769246],[30.980619943465438,-29.242739940086125],[30.981189943366935,-29.269259939856173],[30.97253994331727,-29.273680064955705],[30.95114994328921,-29.26997993969257],[30.92650994309936,-29.271559939940413],[30.916037942681367,-29.280622939652403],[30.90498994319043,-29.270359939823233],[30.894739942802453,-29.28749994022819],[30.87718994350387,-29.275589940413774],[30.879570067672834,-29.28244006518311],[30.857519943352727,-29.30239994012521],[30.854649942661244,-29.32222006477886],[30.866559942965218,-29.326859940346242],[30.884639943429217,-29.345749939587776],[30.880389943213878,-29.367669940232176],[30.888539943347478,-29.3762800645856],[30.91545994317308,-29.382839939654414],[30.915039943117055,-29.390369940289258],[30.88839194294784,-29.41561294007216],[30.85006594354771,-29.40369694021675],[30.79354994298595,-29.449549940160505],[30.79030994310883,-29.476279939650645],[30.766180067820567,-29.487989939928152],[30.768129943128457,-29.455040064775087],[30.748089943577348,-29.45343093978209],[30.747750067888397,-29.46706993968815],[30.734649942706383,-29.495309940060253],[30.724369943091588,-29.502720064880265],[30.724169943546585,-29.523719939744225],[30.70973994349294,-29.52722993983827],[30.702519942823603,-29.561129940320775],[30.708949943209007,-29.571469939926335],[30.727179943186947,-29.570939939929545],[30.726089943205555,-29.606040065067553],[30.692089943214633,-29.60291993999001],[30.674129943412876,-29.604659939856113],[30.67375294310501,-29.61990206476306],[30.658430067651743,-29.63361994028264],[30.644669943516288,-29.654529940273076],[30.622169942585572,-29.66834994012496],[30.583750924405756,-29.65432283105823],[30.57239994330064,-29.70660994026316],[30.559999942644524,-29.728289939660026],[30.569389943494794,-29.73164994003094],[30.584459942622427,-29.759200064619556],[30.586469942600395,-29.78072993989995],[30.575969943448904,-29.831749940409097],[30.57487794273323,-29.8472349399411],[30.59451994259344,-29.83571494045942],[30.608569942806703,-29.83863993986527],[30.6206299435033,-29.852820064751903],[30.624949943043312,-29.86931993990733],[30.621379942606755,-29.885139939757767],[30.63634994321921,-29.900879939923932],[30.64606994263162,-29.90442994028319],[30.65793994259241,-29.895099939678126],[30.658549942833027,-29.921720064764685],[30.675250068069783,-29.922220939702598],[30.653280068132933,-29.973339939652778],[30.654787812083203,-29.991583898740522],[30.639768566882083,-30.02136725033774],[30.61812041750409,-30.033907660623534],[30.611613730596922,-30.047460894820926],[30.62454372252446,-30.055053754910176],[30.619147246593165,-30.073568881155328],[30.63608006830148,-30.073849939696622],[30.637439942785225,-30.087640065129445],[30.62540006841452,-30.097779940963573],[30.60376994286122,-30.10597994140843],[30.59611407395283,-30.123898298639443],[30.58775994341702,-30.124259941228537],[30.57251994330787,-30.140689941203853],[30.552239943198305,-30.133639940817027],[30.534409943303263,-30.12165994060874],[30.549489943379136,-30.114449940576453],[30.539929943155286,-30.09516994082932],[30.51378006786788,-30.087139940168658],[30.49639994333997,-30.098779941002235],[30.483009943305404,-30.087979940142134],[30.479939942793713,-30.10518994064484],[30.45760994296785,-30.09927994086138],[30.445489942804944,-30.08436994035473],[30.416659943147824,-30.142930065608855],[30.429290067878707,-30.167409941337933],[30.44189994313521,-30.17345994083925],[30.436109942960265,-30.182869940583537],[30.413729943226173,-30.188809941267273],[30.416399943401093,-30.198310066394207],[30.400109942976254,-30.206369940843572],[30.387704942989792,-30.201434940756055],[30.377339943372487,-30.22231994089544],[30.38082994336949,-30.250639941035256],[30.36579894278114,-30.24826094119863],[30.341900942833192,-30.30232694119582],[30.32413994310032,-30.327909941398804]]]},"properties":{"Union":"Tuskers"}},{"type":"Feature","geometry":{"type":"Polygon","coordinates":[[[27.034309991437024,-30.59985999591978],[27.013799998074628,-30.60639000067628],[27.002939997691342,-30.594610008384436],[26.982189999834056,-30.597229998690853],[26.947899999416926,-30.607640000143487],[26.929900001379693,-30.62718000003151],[26.949269999665038,-30.652920000805],[26.94301000188809,-30.662149998195193],[26.92826000098671,-30.665990001290723],[26.896809999026033,-30.66738999630324],[26.878739997359112,-30.659610001128694],[26.87346999708304,-30.68084999829362],[26.847679996495234,-30.68386999728736],[26.8141400042482,-30.642670002725595],[26.805269997249447,-30.63936999880362],[26.775080000150016,-30.64896000411525],[26.752790000094034,-30.665649997814974],[26.72570000259588,-30.66639000930394],[26.706560001699607,-30.685679997593578],[26.684249998401278,-30.68477000258948],[26.677220002801416,-30.66808999795489],[26.650720003847585,-30.69147000091592],[26.62945000364953,-30.693879998236522],[26.626540000759274,-30.67945000295665],[26.63641000310064,-30.673539997757526],[26.626119997360828,-30.661439998999285],[26.59092998993582,-30.662639998217244],[26.575209987612876,-30.666759997994223],[26.551160001816616,-30.66181000403306],[26.521690001696037,-30.64020000078111],[26.50078000885706,-30.630789995742372],[26.481230002974247,-30.627629999231658],[26.4902300015374,-30.596010002812474],[26.446900000678315,-30.568760003050816],[26.425180001653345,-30.56523999789826],[26.405010003688513,-30.569960001625184],[26.392059997929845,-30.580460002758652],[26.372259995786095,-30.581620001059786],[26.36164000238057,-30.59283000138667],[26.34891000387727,-30.59496999940373],[26.31380999671873,-30.58263000322285],[26.294230003889087,-30.59100000439988],[26.28054001105777,-30.589779999915724],[26.280609999403033,-30.57835999812192],[26.264569998871476,-30.56382999711104],[26.259649999308753,-30.540720000990426],[26.19383000224067,-30.527979996979592],[26.19410999849538,-30.50376000183044],[26.178779998970484,-30.49081000399534],[26.162559999155892,-30.483489996618964],[26.14917999871179,-30.48396999883794],[26.132990002494576,-30.495220000378293],[26.130070001073904,-30.504899995746513],[26.149369996764317,-30.51995999720769],[26.149579999416247,-30.535040003019123],[26.131149997900792,-30.539889999408036],[26.117639997399987,-30.535000001565553],[26.109510000760096,-30.52246000158507],[26.097999999159118,-30.516500005806556],[26.0695800019167,-30.523480001790784],[26.051990002494517,-30.52273000058671],[26.032840006671215,-30.531299994187723],[25.97308999028509,-30.53938999258665],[25.95517000138866,-30.54707998879581],[25.942019998548897,-30.55921999674543],[25.941669999248706,-30.57729999724223],[25.926810000834223,-30.57027000241162],[25.902710000422875,-30.54280000193616],[25.88488000249543,-30.544199997076785],[25.872579999645744,-30.558080003355904],[25.87484999791612,-30.57279000326728],[25.89251999999691,-30.59823000218402],[25.88800999842868,-30.61207999755291],[25.859290006548857,-30.613719997909644],[25.851229998789517,-30.62933000396025],[25.81900000081086,-30.63497999993831],[25.799829998329525,-30.63479000161854],[25.782030003564845,-30.646329998376995],[25.778900001093607,-30.675879999627664],[25.764199998504925,-30.6885099990734],[25.749749999908847,-30.682460004414228],[25.716630010779635,-30.68247000225278],[25.7001399962337,-30.67950999958176],[25.681840003984487,-30.66888000706818],[25.685189999085246,-30.64658000093976],[25.67156000388124,-30.64087999843873],[25.654039999024675,-30.65242000297019],[25.630859999548314,-30.659349999761204],[25.61522999797636,-30.656770002399288],[25.610479998502505,-30.64723999357151],[25.623199999384653,-30.631970006811198],[25.60308999667607,-30.594390000181956],[25.590869995771442,-30.590740002966427],[25.57461000326898,-30.60875999735171],[25.556279999661633,-30.616629999694247],[25.52988000659194,-30.613019993083636],[25.476790011461983,-30.63463999344618],[25.467099997015236,-30.62421001113742],[25.45359000447193,-30.60900000307706],[25.41953999908992,-30.58490000240294],[25.4186600003622,-30.578169998387683],[25.39927999911645,-30.57308999003446],[25.376580001791474,-30.559889996574146],[25.36243999576094,-30.55861000083344],[25.350379999112782,-30.564330003699396],[25.328139996159926,-30.56140000481247],[25.323749996212847,-30.572410000427002],[25.307119999288222,-30.577079998296888],[25.28297999867446,-30.558080003147417],[25.279459999146177,-30.54475000222292],[25.2547499977818,-30.51897000080348],[25.245510004514003,-30.515360004166308],[25.237109999007302,-30.501229993311043],[25.209959988864096,-30.505090003445755],[25.189590004270286,-30.498410000574125],[25.181629999343055,-30.482280000960255],[25.1662400022718,-30.472830003244695],[25.151909996558583,-30.45729999659687],[25.15770000012877,-30.44261999914398],[25.137439998928603,-30.422930004072974],[25.12560000285911,-30.420230002563414],[25.102510004342705,-30.39206999911413],[25.093719997240008,-30.371459996602795],[25.06979999673395,-30.358450004178135],[25.052490001504033,-30.35692999774375],[25.04059999938224,-30.363640004958853],[25.0356199994309,-30.344209997751005],[25.04718999811352,-30.31969999757984],[25.03498000488443,-30.28687000902548],[25.019960004378625,-30.28447999800776],[25.00792999948191,-30.29214000007944],[24.986319995475778,-30.289969997201087],[24.974709995642225,-30.272249998762877],[24.963399996960792,-30.26764999892388],[24.94597000046407,-30.25036999669826],[24.953969996717518,-30.240850001201007],[24.95016900609356,-30.224845002623216],[24.93727000283453,-30.2199699966469],[24.927390004243136,-30.202369998421343],[24.901560004771383,-30.20824000410587],[24.895180003192753,-30.18420999620034],[24.882160001596375,-30.174120003887406],[24.876229999340108,-30.145339999356356],[24.86768999690136,-30.13093999838086],[24.84424999724763,-30.123470002999614],[24.836369997634183,-30.11507999684493],[24.83861000083954,-30.09555000537007],[24.816440001647624,-30.07953999867505],[24.814130002200386,-30.067879997869163],[24.801960001474576,-30.058780002062417],[24.796240002643767,-30.04483999799225],[24.798487668376108,-30.03417014725642],[24.807260005861362,-30.026350000589527],[24.803819993869524,-30.012009996595037],[24.793970002729388,-29.99897999803603],[24.74928999767301,-29.98961000275138],[24.72473999912254,-29.99224999756916],[24.67911000450454,-29.977910002233198],[24.671299999442,-29.97144999971681],[24.662599999125675,-29.939370001070305],[24.667799998028826,-29.90650999531103],[24.652700006387285,-29.898850005265235],[24.644870001775782,-29.911359999637078],[24.60792999800749,-29.91126000268668],[24.58088999858887,-29.89363999787665],[24.56263999917371,-29.875950001450423],[24.55066999250038,-29.849209997957843],[24.543859996597803,-29.843299999684167],[24.51314000108478,-29.842509989793744],[24.501759996688154,-29.834450000182464],[24.49770000476973,-29.816049999586497],[24.470020000423144,-29.81178000414762],[24.439960003822737,-29.815380000565163],[24.43551999651618,-29.806319996276574],[24.41158000004443,-29.790739999894537],[24.387920007360144,-29.753870000358457],[24.376030000455135,-29.72698000091507],[24.354540001886004,-29.71314000304698],[24.348660001228136,-29.70198999814592],[24.353390000365323,-29.667209998105825],[24.346619999508405,-29.65592999568801],[24.661920004863493,-29.07915999903802],[24.69178000250159,-29.025719999201407],[24.801827000489634,-28.828258004277448],[24.90184000043373,-28.64803000096911],[24.82772999618674,-28.626959996557517],[24.86781999778231,-28.517059998269733],[24.846890000613794,-28.50376999758141],[24.881350002655736,-28.46315000333491],[24.886779998915785,-28.46498000064793],[24.899329996442255,-28.430469998825316],[24.937619988999472,-28.32491998984312],[24.89032999723693,-28.31023000063103],[24.870489995111694,-28.270379998959704],[24.90534999753927,-28.274780001796753],[24.92667999770888,-28.24689999475976],[24.96456999429864,-28.250739999047386],[25.028079999576253,-28.073480002004672],[25.03690999947803,-28.068529999250863],[25.055689999689907,-28.070590011133433],[25.074650009116315,-28.06424999568248],[25.076910001014262,-28.048360000654593],[25.104939996913558,-28.016689990610093],[25.10643999784465,-28.006840000735718],[25.090600001716105,-27.98402999884662],[25.112480004488116,-27.96913999884254],[25.13249999722393,-27.946809998576764],[25.130899998342702,-27.92978000135256],[25.136690000793546,-27.923459997612124],[25.161339997928284,-27.92660999814753],[25.185110003319068,-27.90888999683376],[25.200940001193455,-27.886589998807683],[25.228209998266035,-27.878489997371787],[25.24972000202003,-27.86864999805626],[25.256649998645578,-27.853690001555282],[25.238070001731167,-27.837049998608308],[25.25938000150731,-27.82294000206526],[25.269850000147283,-27.80062999843482],[25.277410003208498,-27.795319995911832],[25.323529997293075,-27.793790001132702],[25.34042000370468,-27.792959998786838],[25.347499997395705,-27.7744600024262],[25.364029996635256,-27.750540000995855],[25.39121999959406,-27.731189998103087],[25.424029997025528,-27.71558000110106],[25.44426999899769,-27.716110000830962],[25.472660001477543,-27.70782999980483],[25.479430002958285,-27.69338000131276],[25.51319000422814,-27.694759999154115],[25.555830001921365,-27.686659997704556],[25.57239000376487,-27.677520000438275],[25.58498000260883,-27.658349996610124],[25.59660999948737,-27.65506999677732],[25.627539998570725,-27.667159997564738],[25.637000002606143,-27.68185000179371],[25.65779999978047,-27.694859997428477],[25.67175000244341,-27.688559998995558],[25.678469995732932,-27.67698000087919],[25.677420001878602,-27.630789997175366],[25.683639998776172,-27.626619996931026],[25.709900002247448,-27.624550002814836],[25.72771000286896,-27.609199997820937],[25.763460003614757,-27.59626000629962],[25.78379999631089,-27.5833699976149],[25.805069996423054,-27.582919998628135],[25.814740002222862,-27.572810000206786],[25.83023999574071,-27.56619000321245],[25.843879997980324,-27.58814999910812],[25.84351000038333,-27.60430000323198],[25.852609996920982,-27.620980000137983],[25.8724300033909,-27.62797000231178],[25.89832999929028,-27.622529999935697],[25.895309999573637,-27.61037000282469],[25.90949999927976,-27.610410004052298],[25.926879996841624,-27.603870001360253],[25.942549999692066,-27.61859999674868],[25.948520001958258,-27.633010003809485],[25.968410003098057,-27.624960001229216],[25.981040002804477,-27.626720011153164],[25.982349998359776,-27.638960000626607],[26.00228999769455,-27.6488899928813],[26.007969997399822,-27.66040000306114],[26.01070999781257,-27.689769995722475],[26.003179998326278,-27.708049999908987],[26.026190002510933,-27.734699996555975],[26.036739994679287,-27.735730002975583],[26.047690002289606,-27.725460000707834],[26.075839999715324,-27.710650002728052],[26.09263999888308,-27.696049998840397],[26.09120000318012,-27.68177000124621],[26.06918000205411,-27.681169996557053],[26.055059998969146,-27.670060002778182],[26.063690000727533,-27.66020999713515],[26.085530002171925,-27.649209998626354],[26.074959999042324,-27.62102999867912],[26.08447999975763,-27.595090002399203],[26.106149991634094,-27.595549998643683],[26.124499999302962,-27.5805699993684],[26.125510000335687,-27.564780010367443],[26.1393200030609,-27.557439999161033],[26.15515999889215,-27.562570001184458],[26.1701099955778,-27.53611000215374],[26.18604999877678,-27.531540002686427],[26.203280000273352,-27.51622999103356],[26.227240002155455,-27.51340999589448],[26.231079997165526,-27.49491999778198],[26.220779999717585,-27.483330002968632],[26.22041000315151,-27.473000004315622],[26.233580001056776,-27.454849999789296],[26.238849994238663,-27.437849998070188],[26.267749999829157,-27.416309997751586],[26.286230000494893,-27.422190000740652],[26.29558000019456,-27.41578999590432],[26.308399997861283,-27.417760000584888],[26.315560001351038,-27.429990001084292],[26.326309996343486,-27.429990000848218],[26.327239996150148,-27.405799999559306],[26.345160000669583,-27.385429998021618],[26.361559999695583,-27.38926000221818],[26.372419999519245,-27.383760003414626],[26.423090003937173,-27.40686999892685],[26.44521999951355,-27.388119999940727],[26.506370000419796,-27.398480000568362],[26.513540002042152,-27.385310003298994],[26.485669994110427,-27.3802600028091],[26.459229998941524,-27.363499997267212],[26.4469999993538,-27.35089000098554],[26.457000001496183,-27.328520000151407],[26.475329996309803,-27.308480001812146],[26.49383000005565,-27.317750000364565],[26.488680001565292,-27.283949998552913],[26.496769997866664,-27.26495999522517],[26.48762999241205,-27.250539998044133],[26.46600000053,-27.231759997172286],[26.443279999448887,-27.217020001725384],[26.43222000298661,-27.189069999559],[26.4199000029945,-27.171359996933177],[26.42705000095425,-27.151249995994842],[26.44150999836855,-27.150210000323824],[26.458190003405225,-27.157820002083916],[26.47362999861853,-27.153759998821243],[26.483990000981546,-27.13071000802742],[26.502919998984794,-27.13074000329449],[26.521619999331183,-27.104389999764745],[26.525259998205403,-27.093909996319667],[26.538019997523556,-27.090169998649763],[26.548590001876352,-27.09846999744118],[26.585619997204947,-27.106029999855586],[26.59372999646604,-27.08011000030973],[26.581820002547104,-27.053119999813084],[26.592619997344336,-27.03784999655031],[26.61209999966229,-27.02826000130177],[26.62106999727004,-27.002720003200128],[26.636079998647276,-27.00341999729703],[26.65889000104644,-26.99377000320828],[26.67182000152695,-26.995730001161824],[26.679519995944005,-27.01518000173069],[26.688719991173553,-27.017999996594735],[26.70059999809467,-27.008599998341648],[26.712850002669054,-26.97567999708379],[26.755159995896175,-26.961910003259188],[26.766690002010993,-26.94805999975067],[26.790099999834762,-26.942649999702873],[26.80502000182298,-26.931979999107618],[26.81570000175536,-26.953190001723073],[26.848500001299907,-26.94017999835222],[26.858029999888124,-26.92203000324016],[26.866440001935395,-26.919060002969186],[26.883720001573234,-26.935830000012235],[26.897159992230893,-26.935609999320036],[26.90868000013226,-26.945710000412415],[26.910389994845357,-26.963669990292356],[26.923150002780886,-26.96905000170781],[26.924239999328552,-26.927769998712694],[26.919920001839824,-26.9097600023675],[26.927209998412863,-26.88707000300595],[26.93902000216487,-26.872039995736074],[26.951139998172934,-26.8788300023422],[26.947220010438016,-26.892009999423284],[26.974820002769345,-26.912110001579844],[27.005190000374483,-26.925360001809057],[27.0139299978825,-26.932050001622954],[27.039989997125073,-26.938220000362378],[27.070100001165514,-26.935090005047506],[27.08725999876302,-26.938409998243603],[27.093599999091225,-26.931690003088637],[27.11343000208679,-26.92635999726463],[27.142249999388238,-26.941829996966945],[27.170120000447614,-26.923020000336354],[27.183019998929048,-26.931420003679822],[27.183209996366465,-26.95028999743065],[27.173660001166965,-26.96759000239201],[27.190050001700513,-26.97748999932534],[27.211779998178848,-26.97674999568205],[27.21109000291384,-26.962379997850714],[27.219160002027987,-26.944359996243524],[27.228910010146336,-26.939569997265668],[27.246890004483284,-26.914430006585963],[27.260100002974266,-26.91013000038687],[27.269129997342514,-26.893039996926895],[27.291300010363763,-26.877330001353133],[27.292429998409784,-26.86892000016952],[27.306050003341664,-26.853339995887882],[27.330020002932166,-26.853220001658386],[27.33889999997771,-26.858549999919713],[27.340000002117304,-26.871190005895308],[27.367750000421314,-26.89129999857096],[27.370449999764705,-26.903740000876596],[27.389485000241933,-26.906384999848562],[27.40753000218474,-26.925779989840297],[27.418589996592218,-26.92386000138181],[27.440020000050946,-26.899490000617124],[27.476040000935676,-26.883490000572106],[27.48746000333494,-26.849370000689746],[27.511750001528267,-26.83651000332307],[27.5113799973005,-26.82349999174465],[27.517939996875544,-26.808870000689353],[27.505600000759387,-26.79196999557551],[27.517359997096943,-26.781970001016536],[27.53975000335875,-26.78427000194599],[27.55700000076347,-26.77356999807364],[27.570319996485924,-26.78117000184133],[27.582589996522668,-26.768900000654714],[27.569779998057,-26.7541999994118],[27.57016000119855,-26.746960001816582],[27.59042999739573,-26.738360003250783],[27.60671999978862,-26.741269996820115],[27.610489999972444,-26.73260000336872],[27.629519995627778,-26.73234999986679],[27.635789999965763,-26.75131000065998],[27.628680003989903,-26.763959996722573],[27.661369997775672,-26.77319000333054],[27.672960001947867,-26.77261000335749],[27.689029996402358,-26.76181000132866],[27.716306001299767,-26.761676999637665],[27.732039999171622,-26.762359998065733],[27.74148999684529,-26.769970000173856],[27.747660003047088,-26.785889997795138],[27.760239995522028,-26.797210002365077],[27.767960002085346,-26.786509997704353],[27.770800001903176,-26.758660001697688],[27.78280000319374,-26.75060999942504],[27.83385000344178,-26.750680002946563],[27.845820001826485,-26.746250009562694],[27.873640003076115,-26.747630001057928],[27.895580001536974,-26.719329998035565],[27.895180001827303,-26.70969000290855],[27.922830002159774,-26.70514999813012],[27.93516000025663,-26.69268001000524],[27.9409600011892,-26.675899999217027],[27.969109999152057,-26.668790003163384],[27.97823000033646,-26.672629990307446],[27.999559998489683,-26.69601999939811],[28.00048999820202,-26.703320001053193],[27.992180002216738,-26.725879999960313],[28.008180001159076,-26.770149999192206],[28.047610003455123,-26.80119000316862],[28.050699996737578,-26.813520000892943],[28.065780001730722,-26.82118000294434],[28.08015999797797,-26.834690010784207],[28.114810005782353,-26.844379998073624],[28.120489996997897,-26.852609999772724],[28.119130002537034,-26.889280012294385],[28.14434000310892,-26.889210000091918],[28.171330001850716,-26.88371000065268],[28.166519998650664,-26.865580002983254],[28.153920002154905,-26.849929995988415],[28.17345000435816,-26.846740004279532],[28.185039998641614,-26.87153000039515],[28.185849997476264,-26.89173999954728],[28.201550001791585,-26.910089999431857],[28.21693000207294,-26.91260000187405],[28.225859998028522,-26.923689999563997],[28.240259997508492,-26.916360002728897],[28.228339998136395,-26.903380002427586],[28.234709999498275,-26.882049989091545],[28.24428000049011,-26.884779999720266],[28.261370003394248,-26.90200000281388],[28.262279998147623,-26.914600001323972],[28.27888999960364,-26.90577000324341],[28.290360001177334,-26.930510000135232],[28.300429999164336,-26.940160001939358],[28.319690001710917,-26.936519994579925],[28.32839999723491,-26.94791000267128],[28.354280005298758,-26.931380002727348],[28.37260999986522,-26.934739997202104],[28.392149999833567,-26.931420003999097],[28.401350002700966,-26.938949997193696],[28.400349998680944,-26.95086999608576],[28.428690003170175,-26.99034999735214],[28.413320002332483,-27.00686000038288],[28.41899000235014,-27.01306000131757],[28.434569996980954,-27.002470000902935],[28.45174000051082,-26.979739999622357],[28.43663999994272,-26.96454999920292],[28.443360001650618,-26.960360003334472],[28.472539997840965,-26.97951000190239],[28.485850003166735,-26.971109998205346],[28.500449999151776,-26.977759997906034],[28.51087999595182,-26.992770000133422],[28.502979999415775,-27.005520002338816],[28.528289997279444,-27.018510000824428],[28.530819996995277,-27.027100002316477],[28.549689997862448,-27.041600000419848],[28.545089995549215,-27.05361000030511],[28.559889996080738,-27.05422999975841],[28.55929999880544,-27.040660002076606],[28.568259999232666,-27.03514000035312],[28.585470001567305,-27.03586000383902],[28.594820002318272,-27.022959997003866],[28.608330011195207,-27.020990001220778],[28.609490001238388,-27.00804000290313],[28.630239999495917,-27.01284000008553],[28.64442999771432,-27.0203100039659],[28.655520003138754,-26.996930000692085],[28.632180000904608,-26.991150004383623],[28.615589995763248,-26.999739997776896],[28.610160001155418,-26.986950003135686],[28.621220003927327,-26.969090003147752],[28.64692000386028,-26.95303999726285],[28.679690000342024,-26.97361000273068],[28.701390002259565,-26.97495999911639],[28.707320003093812,-26.96835999874616],[28.725370000636016,-26.984600003190504],[28.735259999015437,-27.00074000113507],[28.752970001971427,-26.997919998390802],[28.770229997710025,-27.002830000105494],[28.77356999513915,-27.017369999125957],[28.796239997854926,-27.028830002143895],[28.80977000292808,-27.019279997631305],[28.810859997679312,-27.038610003776967],[28.84402724653023,-27.03866757432703],[28.857869999292046,-27.02492001127085],[28.869950001944073,-27.031679998693605],[28.881200010593815,-27.056369997700724],[28.890129999221994,-27.058950004349054],[28.900379996939183,-27.048339999103803],[28.89451999943836,-27.01337000086359],[28.90416000225014,-27.019830001730174],[28.91808999856459,-27.012409997861067],[28.941179999268417,-27.015480004347875],[28.954770000869857,-27.011460001952702],[28.96753000124274,-26.99145999599507],[29.015141791934383,-27.009956936627823],[29.038839999581196,-27.022130001664742],[29.038380001780094,-27.005510003251526],[29.057230000391318,-27.00930000028522],[29.054209999649323,-27.034990000994956],[29.064859998668076,-27.042830000748104],[29.0721100009735,-27.056979998730696],[29.06103000058914,-27.07175000279419],[29.071830003120915,-27.085730000439103],[29.08601000284647,-27.11525999824512],[29.103510002557925,-27.129829999362872],[29.12100999639873,-27.1715699997859],[29.13636999890313,-27.154220003879967],[29.15333000136652,-27.145500001842304],[29.170929999558425,-27.14161999904815],[29.177229998292237,-27.146510004165314],[29.197919990498676,-27.140620002750094],[29.21376000267076,-27.146939998188454],[29.223870001723377,-27.14470000344181],[29.229809994298982,-27.1672299988144],[29.247940007567433,-27.191999998977504],[29.25911999753087,-27.182119999350636],[29.276680003512745,-27.194330002230107],[29.28408000354612,-27.19070999957922],[29.300540000423293,-27.211939998638318],[29.331469999698744,-27.210100002731615],[29.33709999979048,-27.21831999922363],[29.33213999866876,-27.230469998068855],[29.339579999730798,-27.252730002968026],[29.363680000886536,-27.247739999828724],[29.368150001533657,-27.251270003226715],[29.391299998212062,-27.242690000182847],[29.404100000169986,-27.252200002895876],[29.418859998849413,-27.254520000234844],[29.44343000324446,-27.26692999939487],[29.46294999909941,-27.287139998972926],[29.47223000273613,-27.309510000111704],[29.468989996145314,-27.324200004200076],[29.490100001486557,-27.336869996649487],[29.48231999828756,-27.35892999772619],[29.502200001125242,-27.35812999780236],[29.50942999864562,-27.37730999896985],[29.525709995530782,-27.386259999647724],[29.537120000475753,-27.38697999756049],[29.549089999333646,-27.408840003297463],[29.542629998051662,-27.420240008827637],[29.546460002004515,-27.43111999737845],[29.559939999579058,-27.432179996703642],[29.584300001924436,-27.464160000309462],[29.60071000034612,-27.470059999148877],[29.603980000708244,-27.494199999780804],[29.61891000222286,-27.506020002373894],[29.649410000005478,-27.504229998449414],[29.65475000298687,-27.496400002886485],[29.685900003770588,-27.497610000771186],[29.704269998698184,-27.48940000256684],[29.69773001158677,-27.47541000145429],[29.701929998440054,-27.46767999619492],[29.69929000208722,-27.45033999870056],[29.717219997153897,-27.44032999804382],[29.721169996066383,-27.432900002878785],[29.74520999971588,-27.432870001071354],[29.758679986136787,-27.442570015250894],[29.735180025101066,-27.450749972872284],[29.703169981476684,-27.471999970569346],[29.721619972935503,-27.488349967393294],[29.71051997871703,-27.49866002677161],[29.71236503671667,-27.518439968752446],[29.724559972518232,-27.52425996636387],[29.735999971250788,-27.519569966551582],[29.758359972025602,-27.527110032874194],[29.78042003735125,-27.55952996814175],[29.783849973114187,-27.571170032117795],[29.779559971072114,-27.587300031829372],[29.752209972877743,-27.60508996594111],[29.73480997012862,-27.60709996769268],[29.72008997141355,-27.62802996770546],[29.697859970932875,-27.640839967205896],[29.676799970052333,-27.639689969171528],[29.671169982232126,-27.65054002186903],[29.670119978766454,-27.670129977075188],[29.685409960109467,-27.68137996101617],[29.693869963939278,-27.695259958218035],[29.70899003719841,-27.69849996617931],[29.70909997162126,-27.738940032288546],[29.70303996849185,-27.761449967595887],[29.70779997335302,-27.77523996840119],[29.731259970034024,-27.80807996634287],[29.70949996945548,-27.815739967309106],[29.697029978604952,-27.824480039004815],[29.693149978340664,-27.83931997880654],[29.700739968788273,-27.854370031991092],[29.68709999563097,-27.858520047697816],[29.687240036489367,-27.87799003318648],[29.68271998331484,-27.888009971344317],[29.690349970681908,-27.89572996691562],[29.671709970237114,-27.91698996602269],[29.657774982758106,-27.924469978352903],[29.657649978479725,-27.937400023870225],[29.673239972508924,-27.943160032770574],[29.67684995875975,-27.959510043034243],[29.66355997013335,-27.957309967574123],[29.6506999718485,-27.967120035109694],[29.635879971167835,-27.994529968859897],[29.639389971733436,-28.015539968076755],[29.616861982804693,-28.046838015632634],[29.631819982625633,-28.069019976363048],[29.65547997673341,-28.090020026092752],[29.652589972010475,-28.098809965982905],[29.66328993378791,-28.142020045206706],[29.662849956968397,-28.177250025685538],[29.626339968760085,-28.185739969783402],[29.60955998739277,-28.215029970121076],[29.624419958258283,-28.22494996698036],[29.619765027135745,-28.2412199597756],[29.558679972870515,-28.258340033706936],[29.55058997514626,-28.247199981871688],[29.50992004379312,-28.265439937360565],[29.482929970813977,-28.272199966980406],[29.47925996995284,-28.29072997012343],[29.458749970217948,-28.31042996938106],[29.437579972903404,-28.32112996887507],[29.438059959529898,-28.332140034864167],[29.42770004665577,-28.339309966702054],[29.41430996757208,-28.375910016385603],[29.375559976651985,-28.37210997081674],[29.357450980211826,-28.38796902305814],[29.320109973159944,-28.406789969034715],[29.322629968866497,-28.42395996875768],[29.290099970302734,-28.437890033742168],[29.248749970887015,-28.424899967433717],[29.229011959809164,-28.45628596617885],[29.191499979179618,-28.493779978402753],[29.216249956618274,-28.51904995358842],[29.196409973646254,-28.545040025039153],[29.16151997333221,-28.542119969212933],[29.134999968439114,-28.56629996737978],[29.09631996988507,-28.545090034200744],[28.97399097719398,-28.574560039332624],[28.961279972163318,-28.597169969276344],[28.965959943408183,-28.605310026568773],[28.94857004541883,-28.613289967077478],[28.940890035501276,-28.631389967709485],[28.942769954577678,-28.650900029211016],[28.921999970990512,-28.6636899627013],[28.896229979285142,-28.694739981860213],[28.899989971181174,-28.703230033970392],[28.891339968624347,-28.746489970172128],[28.883009971436344,-28.748659964916897],[28.87362697242778,-28.770711900244663],[28.86820999653487,-28.76027000141014],[28.83070000142869,-28.763190002059044],[28.81825999758344,-28.775579997121135],[28.807780002461083,-28.770869999804074],[28.800939997412364,-28.74537000369591],[28.80331999955078,-28.730040002584563],[28.811459994048068,-28.71999000164263],[28.794959996805563,-28.699749999667436],[28.77783000181884,-28.70081000015283],[28.758789998508757,-28.686140000705226],[28.726700000684218,-28.687680003136887],[28.70460999660238,-28.671309997858074],[28.705539996906317,-28.650720003708614],[28.697670001883374,-28.64488999967344],[28.6976899979864,-28.62619999809854],[28.70309999739355,-28.619400002276507],[28.6823599979406,-28.5904100039643],[28.663950000539376,-28.577069995685605],[28.648139999968414,-28.57138999800352],[28.631480007401674,-28.58250999809572],[28.623159997899503,-28.58001000061888],[28.61216999766493,-28.597409995983266],[28.568419984427134,-28.60828998362341],[28.549620017945955,-28.609039985342967],[28.51860001841328,-28.602669990659667],[28.502739985690418,-28.615479990226756],[28.496769983864287,-28.606040022077224],[28.472089983495877,-28.605369983009552],[28.453629988228744,-28.619289989666555],[28.431249988991567,-28.61988001915595],[28.413240015749416,-28.62741998614021],[28.404050019452814,-28.624289983369003],[28.401989983411703,-28.644619984637178],[28.368449999500207,-28.667300001712437],[28.372969999416114,-28.679599997665917],[28.35662999724027,-28.693379998201404],[28.34363999814642,-28.69858000340562],[28.303250002140743,-28.7004000100444],[28.28073000256573,-28.714810000959],[28.256800003603388,-28.70023999890116],[28.229179998347462,-28.70213999980066],[28.195410006785053,-28.7107499981851],[28.19040999793237,-28.697189998280102],[28.168510000227954,-28.70525999661619],[28.160260000664266,-28.72519999656342],[28.14347999802831,-28.72908000064725],[28.130030002548022,-28.74113000113504],[28.119080003542933,-28.741589998037472],[28.120200009072082,-28.756989993697196],[28.10165998906797,-28.767149999426387],[28.092730000728483,-28.789619998718283],[28.0731699964521,-28.815849998987883],[28.05059999918761,-28.81979999838594],[28.047790001549025,-28.841699995951217],[28.035950003757343,-28.850099999644495],[28.028430001018638,-28.87394999803451],[28.012619999797295,-28.879780000938446],[27.98395999760608,-28.87694000240278],[27.965770002325975,-28.87098999628111],[27.961359997726777,-28.85934000343809],[27.948720000073273,-28.852719999432058],[27.930969996995046,-28.852470004083674],[27.91596000324708,-28.865149994994972],[27.911639999378018,-28.881129998230243],[27.894059995819152,-28.878770000039637],[27.90002000050482,-28.89289000199399],[27.88891999628609,-28.916479999923947],[27.86885000378564,-28.919769998229057],[27.863969997102846,-28.913559998666923],[27.83293999926623,-28.906329999643805],[27.817609998531747,-28.92092999585484],[27.79825999589043,-28.918410002550665],[27.762759996727045,-28.897500002338486],[27.757479998293018,-28.91311999836789],[27.765719998823894,-28.923660006795835],[27.759959998665828,-28.941410002929363],[27.73076999681404,-28.94571000987878],[27.72103999251796,-28.957619996355813],[27.72502000258536,-28.967380001746577],[27.716799998628094,-28.982419999123653],[27.71622999767218,-29.004439999033913],[27.70559999714151,-29.01158999718688],[27.682440001639506,-29.006560000577768],[27.674839997943376,-29.025979991381405],[27.672569999989822,-29.044409999364973],[27.65692000087172,-29.048229998286256],[27.676159999804238,-29.066349997859955],[27.673080004095805,-29.07928000035824],[27.66127999844226,-29.08614000123887],[27.649950003597525,-29.078340001896393],[27.650249997607137,-29.109980000565475],[27.631989997884364,-29.132029995808907],[27.61093000027153,-29.133460002022442],[27.60258000366762,-29.140070000774138],[27.616879990215562,-29.152319996654107],[27.614169998885448,-29.164180000060252],[27.595580004121828,-29.17105000015851],[27.580599995774932,-29.166319998384076],[27.574820000005094,-29.184810003956727],[27.551400003798253,-29.196160001620584],[27.535510000964237,-29.217170000966604],[27.514940001555498,-29.224419996150612],[27.524709997606596,-29.241010000618928],[27.54762998950783,-29.246360003125883],[27.540889997072572,-29.25988000234145],[27.524629997400055,-29.266459999393604],[27.51450000165777,-29.28188999740528],[27.49488000773862,-29.284009998158517],[27.490170001641985,-29.294450000888162],[27.465189999514315,-29.29426000367002],[27.45698000223877,-29.30535999991639],[27.472289998204825,-29.318460003404407],[27.461999999988898,-29.326109997407105],[27.436280002962175,-29.33415000235852],[27.43402000338086,-29.353640002553615],[27.437700002604497,-29.362699999961002],[27.43035999988009,-29.374149995666027],[27.410259997323074,-29.363880002044397],[27.409750000799544,-29.378299999308936],[27.420359998154556,-29.385979997380577],[27.424610006466068,-29.404120002080816],[27.402780003315012,-29.41400000244204],[27.38148999894845,-29.434030001692374],[27.37046999648943,-29.448750000126072],[27.356650003938984,-29.452669995736006],[27.361299995782026,-29.48556999337753],[27.348650000221284,-29.488209996414447],[27.334929996698175,-29.481419998059895],[27.30764000364031,-29.495750003036793],[27.300210000974243,-29.512709997031568],[27.3062599964857,-29.533160000647225],[27.289099998668938,-29.53339999784603],[27.27787000287109,-29.52625999856288],[27.255029998009793,-29.535810001851583],[27.255940009815472,-29.547539997110217],[27.231650003114375,-29.554330011260706],[27.22763000065046,-29.544869999325087],[27.207269996721642,-29.55731999906567],[27.208769998117045,-29.5645999973224],[27.18554999759611,-29.56613999879614],[27.152170000504086,-29.562209995988223],[27.14127999760658,-29.575049998080203],[27.127430002583708,-29.574670003433056],[27.10445999762632,-29.58972999593702],[27.08593999733775,-29.61456999918373],[27.065109997708582,-29.59843999869418],[27.06603000014509,-29.61763999720833],[27.059209999010616,-29.63515000381618],[27.047850001795396,-29.633759998980427],[27.034899995500922,-29.614460002738355],[27.02031999641655,-29.615769999022852],[27.02601999912597,-29.64198000320381],[27.012500000493898,-29.647679998306863],[27.013910001827195,-29.661750000853488],[27.0385000023329,-29.67695999910725],[27.06438000235455,-29.70509999929653],[27.088000002041717,-29.719469996592263],[27.096579997355647,-29.729929995936477],[27.216360003777243,-29.982970000754356],[27.22408000238089,-30.005759997721615],[27.234670002141726,-30.008270001009567],[27.265420001758393,-30.033220001033463],[27.26847000379797,-30.04301000080254],[27.296540000042327,-30.056109995782673],[27.322950000421983,-30.139910002748135],[27.326890001472385,-30.14812000097999],[27.394149993713107,-30.142469997068595],[27.40744000169049,-30.14488000155678],[27.409099998720745,-30.15552000095927],[27.393059998017698,-30.166360003957948],[27.386620000860354,-30.192129998991234],[27.37488999935808,-30.198109999820527],[27.36545999653152,-30.21879999956851],[27.37057000248111,-30.24808999990417],[27.36585999666006,-30.257939997744693],[27.379930000736977,-30.274289998172463],[27.389050002204463,-30.293550000682703],[27.37993999078147,-30.299719998911325],[27.391659994530407,-30.318570004234505],[27.377350002926434,-30.327119996416663],[27.365780002600353,-30.338310000284416],[27.36290000320312,-30.35428000543561],[27.368800002470106,-30.371620002165823],[27.391400002048485,-30.357469996733155],[27.40293999871714,-30.38041999773414],[27.4030099941372,-30.39297000406933],[27.383150003298546,-30.40128999788739],[27.376889998392674,-30.40884000289221],[27.344589997490857,-30.397330001073215],[27.32531000595192,-30.42427000055387],[27.346250000956406,-30.430439999066188],[27.360809996949627,-30.425259998007483],[27.368060007749644,-30.438130003098006],[27.34786999686934,-30.449210002259118],[27.33646999893504,-30.450370001010604],[27.3131500009669,-30.441479998399345],[27.300579999119623,-30.44365999621676],[27.29353999846008,-30.456750001278067],[27.313599999912114,-30.468329998313173],[27.328359998628358,-30.48187000157617],[27.3064100024238,-30.490629995581767],[27.297519998975385,-30.51219999836218],[27.284489999278886,-30.503400003007204],[27.266540000290874,-30.506309997966355],[27.250339997515624,-30.50155000065802],[27.244789998942984,-30.480710003445846],[27.23527999598209,-30.482329999257235],[27.22945999900781,-30.499190011036635],[27.212770003910997,-30.4870000042189],[27.205990004271314,-30.507360000241828],[27.188450002157815,-30.523790001743023],[27.169719999711514,-30.512310001994855],[27.15916000233649,-30.51401999811684],[27.13240999967108,-30.509279997271193],[27.127200004065543,-30.515270004351784],[27.138020002673475,-30.53221999208626],[27.1219999989028,-30.54055999822505],[27.105349996814272,-30.55832999775129],[27.08861000277107,-30.543439997745022],[27.08525000178555,-30.528050000882587],[27.060949997218714,-30.530769997857377],[27.044880002337823,-30.536600000836618],[27.02880000849806,-30.534550002891432],[27.003649998078807,-30.538309996333798],[26.998090002036275,-30.54871999667385],[27.01842000318731,-30.56198000293205],[27.02725999944724,-30.579000001655487],[27.042729999197764,-30.58636000075335],[27.034309991437024,-30.59985999591978]]]},"properties":{"Union":"Knights"}},{"type":"Feature","geometry":{"type":"Polygon","coordinates":[[[25.028079999576253,-28.073480002004672],[24.999520006700113,-28.081820001341214],[24.97259999932703,-28.08145000991512],[24.950559998228083,-28.113139999720136],[24.847410723206984,-27.95797466496582],[24.829839999735658,-27.931289999997748],[24.857070002310408,-27.91606999581981],[24.846920003725817,-27.91118999785095],[24.96750000092462,-27.78501000214422],[25.04790999836194,-27.699739996042215],[24.99972000072279,-27.68083000365803],[24.978800001043254,-27.68214999510866],[24.87912999767534,-27.695140003292458],[24.854500003769065,-27.695590001808988],[24.801170000075437,-27.70177999663326],[24.792039998333834,-27.68694300329342],[24.797719997075173,-27.65617999592272],[24.786610005499167,-27.643210002214115],[24.780710005982595,-27.618369998811293],[24.784329997839656,-27.604639996797825],[24.75677999809411,-27.60959000010328],[24.76206000510147,-27.633240000150145],[24.692299997734846,-27.64521999860828],[24.692050002211367,-27.653469996442986],[24.678370002200136,-27.66647000159286],[24.6748700007546,-27.692639995857007],[24.6954700044196,-27.718250000124552],[24.69372999771482,-27.735649999613113],[24.680450002630806,-27.73928000320549],[24.67040999564475,-27.761599993630174],[24.673119987552145,-27.782830004015178],[24.658669996535796,-27.79093999305254],[24.699320002720796,-27.828289997196283],[24.68821000226186,-27.838970005189957],[24.691209993850205,-27.850380001445306],[24.65831000051219,-27.8526700025834],[24.649369998055544,-27.881740002963575],[24.63243999686119,-27.89151999772242],[24.630229995210133,-27.902700002553882],[24.61581999932241,-27.90360000126783],[24.6174500006631,-27.91566999736965],[24.62880999837543,-27.9353399969053],[24.619780001631636,-27.951219999654594],[24.626480000900653,-27.963040002876657],[24.62095999712489,-27.978479998965415],[24.62935000250372,-27.994309999968404],[24.61704000185163,-28.008020005167026],[24.61437000567997,-28.02235000061722],[24.603139997908926,-28.029160003944245],[24.588999999485537,-28.02788000831503],[24.562810000234204,-28.036220000678064],[24.55772999882696,-28.04451000069375],[24.5643699982894,-28.066910004161816],[24.559870002448584,-28.074699996404927],[24.534639003065873,-28.092088996390412],[24.465479996840617,-28.035840006130343],[24.444549997550524,-28.03191000372134],[24.468169998560274,-27.996699999030326],[24.467289998813477,-27.98056999881864],[24.409949997939645,-27.923300002154527],[24.392579997764482,-27.941549993745106],[24.360459993654228,-27.910670002822787],[24.409870002899776,-27.842749999102374],[24.427369996577955,-27.840540000991094],[24.452310004843596,-27.782880002608756],[24.40883999884205,-27.76109999729752],[24.446759999935505,-27.70285000374991],[24.405280000959923,-27.681180001593198],[24.36763999704219,-27.688199998406755],[24.111000001238263,-27.73898000141666],[24.09333999596483,-27.70491000575993],[24.104350004410705,-27.654209999154535],[24.118620004034913,-27.621739997915338],[24.05061000064509,-27.60272999690827],[24.049220000583436,-27.55863999881208],[24.05532999742967,-27.507869996206647],[24.0521900050928,-27.462749997923098],[24.057510003388316,-27.429420000065374],[24.086270000840567,-27.353490003833468],[24.06391999779684,-27.35316999926652],[24.01494999714485,-27.32367000586686],[23.952860000038438,-27.281469995763114],[23.896469994386177,-27.252659999369786],[23.898250004382955,-27.23555000158228],[23.910080002046623,-27.225090001740302],[23.97356000043429,-27.09637999840119],[23.976049995724175,-27.07935000071182],[24.03744999969484,-27.053699999242223],[24.026019999192695,-26.99928999725539],[24.000930010980195,-26.943199995323766],[23.970370000484863,-26.894200002261098],[23.96283000247521,-26.8983099965716],[23.916070004282346,-26.858289998232685],[23.86950000097829,-26.856749997998296],[23.85323000398285,-26.890140002701436],[23.760750002242556,-26.840960000664303],[23.725170001491517,-26.829150005068986],[23.646530001555696,-26.807480002332632],[23.615340001051695,-26.7900300032699],[23.56891999789241,-26.774909987554352],[23.520929998273754,-26.755520000734993],[23.48713000255972,-26.739709005148104],[23.547120005959076,-26.65833999257708],[23.583750000150065,-26.61714999829898],[23.49427000224992,-26.554449999438337],[23.462959998229362,-26.53108999845076],[23.26641000181892,-26.485399998658025],[23.282050003113255,-26.33947000278534],[23.2217400035372,-26.27127000082483],[23.26473999997381,-26.20447999774083],[23.310979995199247,-26.141849999763835],[23.251920003155814,-26.113830004268763],[23.215819999076587,-26.11573000361742],[23.232149996896023,-26.052690002599366],[23.30687000130408,-26.070340004272172],[23.353881996838695,-26.089478005803745],[23.38735999808492,-26.00615999970827],[23.320549997421843,-25.992839995927156],[23.08691000074302,-25.982559996032016],[23.088140003058527,-26.04357000024228],[23.064800002831564,-26.099059995007643],[22.987039999676444,-26.08997999589809],[22.981149998457532,-26.15255999959918],[22.907059998390693,-26.145920001947776],[22.89929000393901,-26.213630001028136],[22.880789998369263,-26.262354998286007],[22.84842999712115,-26.37587999723163],[22.84187000003774,-26.393300002987647],[22.80315999645088,-26.453680000869753],[22.74471999659163,-26.424659997649233],[22.7088000011418,-26.41078999857212],[22.708070004872518,-26.354840001910098],[22.70571999750382,-26.297820000797877],[22.705489999710796,-26.230320004047798],[22.703499997146167,-26.179910000612328],[22.70294000169716,-26.11985000635557],[22.632170005803825,-26.12128000102273],[22.637010001866045,-26.113129993414432],[22.62913000060216,-26.102639999398587],[22.636300001382146,-26.09142000106317],[22.673080009592123,-26.073669996535486],[22.67174000338405,-26.043219998533722],[22.663839997940862,-26.02536999656655],[22.66918000220717,-26.013910001725343],[22.69949999997222,-26.019159997841324],[22.721049997862682,-26.01856000308097],[22.72931000188963,-25.978699999359435],[22.722989999043936,-25.956539999944745],[22.72612000166544,-25.94248000200708],[22.74838999753203,-25.922720001250653],[22.744899995463825,-25.913419999858398],[22.72286999666673,-25.908360002050323],[22.71258999700229,-25.89928000127089],[22.713379997514213,-25.889880001835362],[22.737380001119938,-25.882419997224954],[22.74121999582028,-25.87612999680773],[22.738069997244875,-25.855040004161523],[22.75871999693647,-25.849409996919242],[22.7814099959533,-25.82879999775754],[22.777570001069368,-25.815229992380985],[22.73893000110341,-25.798809995746172],[22.742579998618517,-25.787849998746726],[22.757280001224192,-25.790019998581034],[22.763719990185088,-25.77872999723404],[22.76618000208728,-25.740290000860867],[22.77133999784295,-25.731039999004864],[22.799919997707793,-25.72311999686089],[22.82148000154349,-25.69047000429366],[22.821509997010377,-25.67743999579537],[22.830279997312342,-25.66239000066856],[22.82770999678523,-25.6550499982615],[22.808270011161003,-25.65090000270463],[22.79953000468781,-25.635220001778517],[22.805120003890252,-25.629630004054114],[22.831910006950533,-25.62062998911504],[22.84395000049445,-25.622119998897137],[22.853459995748466,-25.611629996666736],[22.81481999550474,-25.578820000659178],[22.829699997702523,-25.56788999837265],[22.840140001082034,-25.544669997886338],[22.85264999069963,-25.53552000190586],[22.85201999980178,-25.521039999630965],[22.860380002899355,-25.507619998679637],[22.848319995551634,-25.497349996898905],[22.85154999640502,-25.48413999830743],[22.863750003284288,-25.479619997753794],[22.89686000090706,-25.488850004396884],[22.885740001059432,-25.46839000178272],[22.898569995469366,-25.455140002293177],[22.90994999809538,-25.42231000140214],[22.928469997889596,-25.407739999384393],[22.967610004395688,-25.383429995591488],[22.976450007496577,-25.370670012360172],[22.972800002433967,-25.346720000189723],[22.977940003368744,-25.3398599975693],[23.003330003373836,-25.339930001724554],[23.013369997518506,-25.329570000052506],[23.006589998973663,-25.308089997760334],[23.014129997248478,-25.298220004394583],[23.032559998378765,-25.312580003315176],[23.054380002453335,-25.28948999574845],[23.06203000454048,-25.303380008382007],[23.05421000067125,-25.317940004328257],[23.059750001270192,-25.325970001862885],[23.07934999757908,-25.331839998338705],[23.08762999233838,-25.314609996863208],[23.113600006919096,-25.30356000037095],[23.128489998632183,-25.316400002334316],[23.13651999679201,-25.316790002566506],[23.147960003823798,-25.303250000125985],[23.16554999569556,-25.303929997226284],[23.17545999852002,-25.287550002278703],[23.19225000005955,-25.2773100025517],[23.2186500012811,-25.27430000177525],[23.238119998034406,-25.28029000144599],[23.24584999501619,-25.275839995763675],[23.260989997278596,-25.279530001751205],[23.273799996699662,-25.27459999603192],[23.284879995487298,-25.279589998546335],[23.29403000745456,-25.293990000148625],[23.315539997384207,-25.282659996906293],[23.324079990887114,-25.292420003377828],[23.348419996958413,-25.28506000443809],[23.360499991804353,-25.286229992786296],[23.368410003973047,-25.303429998886717],[23.40353999838236,-25.307239999133035],[23.41986000334738,-25.313740002280987],[23.441499999623005,-25.277710003090533],[23.468269999157112,-25.27946999657882],[23.45790999755587,-25.29426999730333],[23.464549998838542,-25.30103999859753],[23.478369999658668,-25.298460001187394],[23.482139999250283,-25.309490001055202],[23.493199995035773,-25.316620002114014],[23.500439999299395,-25.331849995555796],[23.495820001159796,-25.3472400021689],[23.50158999948639,-25.351989999597148],[23.52166000774684,-25.340510000553397],[23.53366000192449,-25.35208000044306],[23.559589993429263,-25.35465999757271],[23.55878000332563,-25.372270003285347],[23.584400001408177,-25.375619997751375],[23.58427999890926,-25.39075000329859],[23.594380000158637,-25.397010000740003],[23.60761001105199,-25.38132999857008],[23.618009997397916,-25.385059997801328],[23.61254999945031,-25.404490002221145],[23.633209996822455,-25.411579994376588],[23.637459997688246,-25.431579998906237],[23.653030003043305,-25.431099997767884],[23.657979996945933,-25.417149996884977],[23.668370001235868,-25.41609000425119],[23.67649000714104,-25.426479999635106],[23.66669999882372,-25.441999998192593],[23.680330001642552,-25.447290002933375],[23.69377999825874,-25.44433000145356],[23.709299996268154,-25.45988000180323],[23.720939999409833,-25.447070002907047],[23.73386000172543,-25.45854000436884],[23.75825999701627,-25.469259996658263],[23.75154999989473,-25.482139999379402],[23.76353999562608,-25.489939998606314],[23.76113999722566,-25.500349999988206],[23.792049999745743,-25.512340003074122],[23.81195000014205,-25.508679999648557],[23.821820001948062,-25.513800003211692],[23.80489000216117,-25.5331800009155],[23.816089996368568,-25.55018000329724],[23.831809997938596,-25.540840001639403],[23.84300000206635,-25.55027000338204],[23.837630003250556,-25.56433000076518],[23.844520000164685,-25.57077999639773],[23.86562999564455,-25.57164999902638],[23.880239999253853,-25.57744999976859],[23.880719999893355,-25.59144000960214],[23.907210001733173,-25.606129997736],[23.90337999739775,-25.626810001363978],[23.91851999998962,-25.629529997571808],[23.9285499969,-25.638199999689444],[23.94618999573065,-25.638410002351254],[23.950190001682532,-25.625570001065537],[23.966559998838246,-25.615020000708267],[23.982239999745122,-25.621040001996064],[24.00484999759271,-25.620420002332963],[24.003529995771157,-25.65019000416729],[24.024180004244343,-25.64547999768858],[24.02993999562971,-25.634270006302092],[24.051450000564312,-25.650950001613282],[24.066259998920387,-25.650039999294503],[24.066879998781346,-25.631370001337004],[24.080839999428242,-25.640990001292494],[24.10434000394112,-25.630359999728295],[24.138610008660923,-25.628059999181712],[24.14086000301752,-25.613910001867676],[24.157729996741605,-25.608360004207892],[24.167749996340408,-25.631819992425708],[24.184460002651832,-25.62122999979597],[24.194069996431846,-25.621069997005545],[24.207359996975107,-25.63218999739787],[24.23660999562272,-25.669949996255138],[24.25161000031971,-25.674579999790243],[24.247220001216558,-25.68338000433639],[24.260720002960856,-25.691900001046267],[24.259530001631173,-25.706200003780495],[24.273069998094698,-25.705230003352316],[24.286169993450365,-25.69297999782166],[24.291610001780445,-25.705299998158694],[24.278469998724063,-25.713250002633693],[24.28835999710805,-25.726190002890892],[24.300790001133144,-25.71424000039176],[24.324909998590922,-25.710129997736914],[24.323000006919678,-25.729560002278863],[24.353910010923055,-25.756320003087062],[24.380810001815206,-25.764859997099435],[24.387240001655723,-25.75716999390668],[24.4035299972027,-25.760980001953914],[24.404920002409174,-25.747590003050163],[24.425989998188854,-25.751479996696695],[24.448470003220272,-25.73412000271843],[24.456689999220313,-25.74229999809848],[24.485275002173445,-25.749389998439774],[24.544349996679703,-25.77203999708395],[24.565110001321262,-25.771269999743534],[24.576930003351464,-25.776450000604903],[24.589369997358702,-25.78979999861871],[24.608899998642702,-25.800649999587645],[24.636260004055153,-25.807399996872608],[24.685869999404826,-25.82333000092609],[24.694770000164887,-25.812340001068414],[24.711600002083856,-25.805790000437124],[24.72967000361941,-25.804090003170288],[24.742249996805214,-25.81261999875023],[24.767030002507752,-25.812589996414847],[24.796320003187635,-25.824629999344292],[24.824649999806237,-25.81173999831772],[24.834290004471292,-25.815180001041565],[24.846159989304304,-25.80884999856681],[24.86958999920393,-25.805389991734987],[24.887260001322066,-25.807420002213263],[24.91261000020561,-25.79780000157444],[24.92895000169133,-25.78681000165648],[24.93382000327364,-25.77663999933782],[24.968880000792037,-25.76445999808434],[24.989400000231058,-25.7456699980619],[25.003620000989855,-25.738659999040316],[25.015270002047004,-25.725570002706622],[25.022940000503517,-25.730999998142995],[25.035730003958555,-25.722750007787724],[25.054620001914316,-25.731879999243986],[25.102110003705352,-25.746099999827116],[25.119769999294398,-25.763169998128642],[25.135520003911346,-25.75752000221006],[25.160220000749316,-25.759340001916545],[25.170119997317986,-25.765909999652134],[25.20350000346623,-25.758410001989347],[25.259899997474037,-25.768560000908952],[25.301669999475543,-25.765909999905915],[25.319470010017593,-25.77277999880087],[25.339326999547076,-25.769283996862207],[25.3668199974485,-25.75785999695702],[25.38572999856474,-25.74481000113551],[25.427550001076536,-25.7290200036024],[25.46814999876005,-25.696680002444527],[25.500059997836676,-25.69065000283225],[25.513660007183308,-25.68433999796976],[25.535230001377787,-25.664979997713083],[25.55933000193491,-25.64874999956968],[25.580879998845415,-25.63879998825483],[25.62979000100744,-25.537820003266685],[25.66236999867418,-25.466549998413857],[25.68823000238361,-25.376000001631372],[25.699819998256153,-25.29100000343021],[25.729099999998578,-25.256880002654913],[25.84086999722957,-24.980300001341163],[25.86178999553064,-24.92605499796292],[25.881660001170246,-24.913089998757563],[25.872750001137867,-24.906579998338206],[25.876570000017917,-24.88830000176352],[25.888499997948834,-24.88428999756346],[25.87625000076876,-24.85606999664836],[25.87253999910623,-24.827900003123524],[25.85840999799272,-24.82214999322467],[25.863180001093667,-24.808479997131613],[25.842340002782276,-24.78984000221949],[25.851189997895847,-24.775430004180393],[25.850839997353265,-24.760839997885256],[25.85831000841708,-24.75718000266305],[25.91138000301198,-24.753709997211313],[25.917060002318202,-24.74550998994974],[25.964409997390725,-24.74944000022941],[26.00741000173673,-24.72428000628407],[26.18700000302328,-24.687499999238906],[26.28489000154323,-24.6629300020878],[26.39328000063314,-24.63662999875788],[26.40878000313473,-24.64612999633079],[26.427310001726543,-24.657520002881906],[26.42203000302664,-24.669890001549863],[26.421380000181568,-24.692029996824317],[26.42701000021037,-24.697900000605454],[26.41819999757597,-24.72901000004197],[26.425999998399288,-24.746100002630683],[26.42631999584115,-24.77197000400756],[26.4446400014887,-24.790789999341367],[26.459489999811176,-24.790489996950043],[26.45828000246245,-24.809470002140507],[26.52857999914711,-24.813839997181457],[26.56645000238434,-24.819899999145512],[26.6009799997742,-24.81577999116855],[26.622010002776165,-24.80986000384393],[26.6603900016525,-24.839560001737105],[26.699300001242598,-24.867290003868494],[26.705090004400475,-24.85697000269099],[26.751259996335836,-24.882959998891327],[26.779540003067364,-24.83769000298314],[26.903469995609807,-24.795824000004423],[26.943320002373866,-24.781370003160223],[26.94265000310133,-24.77626999632636],[26.98072000162745,-24.77576999788118],[26.975909998266058,-24.720670001580544],[27.026329998519394,-24.718630002034406],[27.041219999076986,-24.886970003392264],[27.101150003146362,-24.90004000264861],[27.143852998860545,-24.946151003747733],[27.15404999712036,-24.9789600032825],[27.183419999249317,-24.94852000206187],[27.2260920024413,-24.963937001667475],[27.209109999811925,-24.995640007130337],[27.20346800007389,-25.03318299825382],[27.231679998390337,-25.036109997105953],[27.22355099869515,-25.067404998851533],[27.271940001431506,-25.036719998551217],[27.31359999955353,-25.04208999681483],[27.336949999638982,-25.087819996572595],[27.38250999926922,-25.080009998772983],[27.42459999985821,-25.068910002803747],[27.431330001065284,-25.082049999370188],[27.481750002206425,-25.067070000286442],[27.486900001249058,-25.078419998424817],[27.498029998633545,-25.073199997359282],[27.521240000960447,-25.07598999661788],[27.53392000040445,-25.083249998068545],[27.543599995968158,-25.095879997758644],[27.56446999612413,-25.083720002143306],[27.55980000664963,-25.077309999419196],[27.567829998134574,-25.05943000335638],[27.594040001665004,-25.029440001313112],[27.597490003216972,-24.984870000291533],[27.62859999385563,-24.97370999926772],[27.684669998577505,-24.985839992851112],[27.68729999738334,-24.99435000039743],[27.73885000172191,-24.983139999810845],[27.759140002962596,-24.968910000956598],[27.78890999595959,-24.966520000780633],[27.821660003215207,-24.974580002403144],[27.833072002170205,-24.97352099773811],[27.886659996126866,-24.98829000644231],[27.912889996870938,-24.99108999715757],[27.94646999768596,-25.00122000007788],[27.954950002749218,-24.970169998308123],[27.975179999388423,-24.965710002569985],[27.98355999791269,-24.957849997624855],[27.997609997938014,-24.97349999705829],[28.01777999591813,-24.974050000873834],[28.037849997366607,-24.98383000374909],[28.08007999719728,-24.979490003312872],[28.120010003649313,-24.979469990816874],[28.12521999096988,-25.004800001650157],[28.158589998424954,-25.020539999900528],[28.259759996923233,-25.050450000429024],[28.21703999757173,-25.113039996197404],[28.21499000018759,-25.128149995976024],[28.19827000277455,-25.127590000695058],[28.17382000140871,-25.1200100104457],[28.175069999138504,-25.11360999700148],[28.15393000005422,-25.08678000078909],[28.117940001199774,-25.098059996937366],[28.08385000432168,-25.10036999585715],[28.094349995920197,-25.148469999676497],[28.128970002393086,-25.145689989581246],[28.13571999882658,-25.205639997775567],[28.169489998796603,-25.209430009564898],[28.211189997514314,-25.198069996679923],[28.246270000567087,-25.21285500442377],[28.258840003371002,-25.236950002350415],[28.29822999609008,-25.293220003008372],[28.298160000945213,-25.310370001963427],[28.29806000260042,-25.339339996378925],[28.228330000240323,-25.35419000335145],[28.20147999869508,-25.323710001751035],[28.17675000774198,-25.328590000754257],[28.176669998137037,-25.36586999879893],[28.11072999935401,-25.378899997580294],[28.10801999982745,-25.367006999700177],[28.083027996586836,-25.38451600228093],[28.055529997094037,-25.400050003708664],[28.044730002872697,-25.40173999460977],[28.000409996324827,-25.35942000277239],[27.97075999667277,-25.362949989878754],[27.94563999553965,-25.40670000288963],[27.96972000105328,-25.43910999991235],[27.991657000207695,-25.424517002421666],[28.035950004113847,-25.47058999734671],[28.007510001621082,-25.484089999291818],[27.992439994509002,-25.518029999667053],[28.024422000001458,-25.53069999974311],[28.052400001987056,-25.53579999966079],[28.04951000418102,-25.559559997970787],[28.030650000884492,-25.55835999883771],[27.981460001009673,-25.542750000575683],[27.957629999618128,-25.592619997258204],[27.972159999921175,-25.597910001782527],[27.9805600115586,-25.6328000071798],[27.96485999835581,-25.63483999089394],[27.965169997533238,-25.645414998381764],[27.953130003941194,-25.655700000877594],[27.951860000683613,-25.671300001304868],[27.957490008745157,-25.693689998111967],[27.948189999634135,-25.69521000365476],[27.97947000107236,-25.751450002275895],[27.97314999829976,-25.756810003424246],[27.94932599564482,-25.759780002223266],[27.960169996848997,-25.81598999822348],[27.925829997372656,-25.82410999580431],[27.939530003440684,-25.836779997077148],[27.900540002181298,-25.84083000192217],[27.898200001176885,-25.85974000428349],[27.8826000012159,-25.86187000271227],[27.88526999850367,-25.83537000319922],[27.891680001975853,-25.822909997432227],[27.858739996919226,-25.8188199987527],[27.843960001295166,-25.848900000766836],[27.83146999980616,-25.86017299809795],[27.791029997027877,-25.87467999486906],[27.744549997336748,-25.894620003158135],[27.74270000281004,-25.85023999938266],[27.684930000105542,-25.875400001098644],[27.664559997772553,-25.841930003149148],[27.648850002390216,-25.835020003151755],[27.64354999856516,-25.795919997575734],[27.605550004133818,-25.808229998789344],[27.598290002441516,-25.81956999979885],[27.559849998372812,-25.842839999321313],[27.532289998196127,-25.849960001205698],[27.513269999731975,-25.860330001165174],[27.497539999982706,-25.859589999126044],[27.461947001455652,-25.867606001262576],[27.47000000420328,-25.888100003767963],[27.457039998601246,-25.888290001195973],[27.463299997296268,-25.9214700029559],[27.453566004029387,-25.92016000013986],[27.457009996653902,-25.98184999836309],[27.449810001408796,-26.016250003933223],[27.435689997881838,-26.022569999451573],[27.42522000001236,-26.08938999892466],[27.41944000370062,-26.117499996099728],[27.36171999957061,-26.11566999925832],[27.358259992504575,-26.154609999847697],[27.291409997912773,-26.144620004206207],[27.30838999740848,-26.225180004243036],[27.330070999753833,-26.28181499877791],[27.29929998982686,-26.3044799986718],[27.274810003268275,-26.314250002830065],[27.234810000498992,-26.3382699945595],[27.18795199991742,-26.377862998888308],[27.224849998826723,-26.443970000303814],[27.223779999870445,-26.451769999192127],[27.23142100226552,-26.505480995980072],[27.21247000245531,-26.514799996431304],[27.158760002742127,-26.525419999260556],[27.167100000572376,-26.551429999079154],[27.18256000213134,-26.563129999133],[27.182637003461128,-26.574619995853237],[27.228359997030037,-26.57105000085867],[27.23451999738348,-26.594920002609747],[27.235020002980445,-26.6186199968292],[27.241869998495766,-26.63646000018648],[27.258020001781794,-26.630860003438993],[27.26940000381805,-26.632619997226072],[27.28479000123163,-26.625089995852306],[27.34421999982454,-26.613130004265418],[27.33150000041613,-26.590320002272975],[27.338639999150757,-26.571729998259407],[27.36583000168541,-26.573830002929917],[27.385389999331007,-26.604270002928715],[27.378349997563273,-26.610679997687818],[27.425759000780303,-26.64946799987345],[27.434669998134222,-26.631809998607345],[27.45482999824206,-26.630330001634015],[27.506530001378817,-26.646230004037907],[27.569090001516376,-26.64716000378815],[27.570240001726393,-26.68365000039654],[27.575309999034022,-26.715690000266278],[27.602839997121773,-26.69243999704467],[27.602240001454934,-26.722850002899786],[27.589120002327018,-26.724090003362537],[27.59042999739573,-26.738360003250783],[27.57016000119855,-26.746960001816582],[27.569779998057,-26.7541999994118],[27.582589996522668,-26.768900000654714],[27.570319996485924,-26.78117000184133],[27.55700000076347,-26.77356999807364],[27.53975000335875,-26.78427000194599],[27.517359997096943,-26.781970001016536],[27.505600000759387,-26.79196999557551],[27.517939996875544,-26.808870000689353],[27.5113799973005,-26.82349999174465],[27.511750001528267,-26.83651000332307],[27.48746000333494,-26.849370000689746],[27.476040000935676,-26.883490000572106],[27.440020000050946,-26.899490000617124],[27.418589996592218,-26.92386000138181],[27.40753000218474,-26.925779989840297],[27.389485000241933,-26.906384999848562],[27.370449999764705,-26.903740000876596],[27.367750000421314,-26.89129999857096],[27.340000002117304,-26.871190005895308],[27.33889999997771,-26.858549999919713],[27.330020002932166,-26.853220001658386],[27.306050003341664,-26.853339995887882],[27.292429998409784,-26.86892000016952],[27.291300010363763,-26.877330001353133],[27.269129997342514,-26.893039996926895],[27.260100002974266,-26.91013000038687],[27.246890004483284,-26.914430006585963],[27.228910010146336,-26.939569997265668],[27.219160002027987,-26.944359996243524],[27.21109000291384,-26.962379997850714],[27.211779998178848,-26.97674999568205],[27.190050001700513,-26.97748999932534],[27.173660001166965,-26.96759000239201],[27.183209996366465,-26.95028999743065],[27.183019998929048,-26.931420003679822],[27.170120000447614,-26.923020000336354],[27.142249999388238,-26.941829996966945],[27.11343000208679,-26.92635999726463],[27.093599999091225,-26.931690003088637],[27.08725999876302,-26.938409998243603],[27.070100001165514,-26.935090005047506],[27.039989997125073,-26.938220000362378],[27.0139299978825,-26.932050001622954],[27.005190000374483,-26.925360001809057],[26.974820002769345,-26.912110001579844],[26.947220010438016,-26.892009999423284],[26.951139998172934,-26.8788300023422],[26.93902000216487,-26.872039995736074],[26.927209998412863,-26.88707000300595],[26.919920001839824,-26.9097600023675],[26.924239999328552,-26.927769998712694],[26.923150002780886,-26.96905000170781],[26.910389994845357,-26.963669990292356],[26.90868000013226,-26.945710000412415],[26.897159992230893,-26.935609999320036],[26.883720001573234,-26.935830000012235],[26.866440001935395,-26.919060002969186],[26.858029999888124,-26.92203000324016],[26.848500001299907,-26.94017999835222],[26.81570000175536,-26.953190001723073],[26.80502000182298,-26.931979999107618],[26.790099999834762,-26.942649999702873],[26.766690002010993,-26.94805999975067],[26.755159995896175,-26.961910003259188],[26.712850002669054,-26.97567999708379],[26.70059999809467,-27.008599998341648],[26.688719991173553,-27.017999996594735],[26.679519995944005,-27.01518000173069],[26.67182000152695,-26.995730001161824],[26.65889000104644,-26.99377000320828],[26.636079998647276,-27.00341999729703],[26.62106999727004,-27.002720003200128],[26.61209999966229,-27.02826000130177],[26.592619997344336,-27.03784999655031],[26.581820002547104,-27.053119999813084],[26.59372999646604,-27.08011000030973],[26.585619997204947,-27.106029999855586],[26.548590001876352,-27.09846999744118],[26.538019997523556,-27.090169998649763],[26.525259998205403,-27.093909996319667],[26.521619999331183,-27.104389999764745],[26.502919998984794,-27.13074000329449],[26.483990000981546,-27.13071000802742],[26.47362999861853,-27.153759998821243],[26.458190003405225,-27.157820002083916],[26.44150999836855,-27.150210000323824],[26.42705000095425,-27.151249995994842],[26.4199000029945,-27.171359996933177],[26.43222000298661,-27.189069999559],[26.443279999448887,-27.217020001725384],[26.46600000053,-27.231759997172286],[26.48762999241205,-27.250539998044133],[26.496769997866664,-27.26495999522517],[26.488680001565292,-27.283949998552913],[26.49383000005565,-27.317750000364565],[26.475329996309803,-27.308480001812146],[26.457000001496183,-27.328520000151407],[26.4469999993538,-27.35089000098554],[26.459229998941524,-27.363499997267212],[26.485669994110427,-27.3802600028091],[26.513540002042152,-27.385310003298994],[26.506370000419796,-27.398480000568362],[26.44521999951355,-27.388119999940727],[26.423090003937173,-27.40686999892685],[26.372419999519245,-27.383760003414626],[26.361559999695583,-27.38926000221818],[26.345160000669583,-27.385429998021618],[26.327239996150148,-27.405799999559306],[26.326309996343486,-27.429990000848218],[26.315560001351038,-27.429990001084292],[26.308399997861283,-27.417760000584888],[26.29558000019456,-27.41578999590432],[26.286230000494893,-27.422190000740652],[26.267749999829157,-27.416309997751586],[26.238849994238663,-27.437849998070188],[26.233580001056776,-27.454849999789296],[26.22041000315151,-27.473000004315622],[26.220779999717585,-27.483330002968632],[26.231079997165526,-27.49491999778198],[26.227240002155455,-27.51340999589448],[26.203280000273352,-27.51622999103356],[26.18604999877678,-27.531540002686427],[26.1701099955778,-27.53611000215374],[26.15515999889215,-27.562570001184458],[26.1393200030609,-27.557439999161033],[26.125510000335687,-27.564780010367443],[26.124499999302962,-27.5805699993684],[26.106149991634094,-27.595549998643683],[26.08447999975763,-27.595090002399203],[26.074959999042324,-27.62102999867912],[26.085530002171925,-27.649209998626354],[26.063690000727533,-27.66020999713515],[26.055059998969146,-27.670060002778182],[26.06918000205411,-27.681169996557053],[26.09120000318012,-27.68177000124621],[26.09263999888308,-27.696049998840397],[26.075839999715324,-27.710650002728052],[26.047690002289606,-27.725460000707834],[26.036739994679287,-27.735730002975583],[26.026190002510933,-27.734699996555975],[26.003179998326278,-27.708049999908987],[26.01070999781257,-27.689769995722475],[26.007969997399822,-27.66040000306114],[26.00228999769455,-27.6488899928813],[25.982349998359776,-27.638960000626607],[25.981040002804477,-27.626720011153164],[25.968410003098057,-27.624960001229216],[25.948520001958258,-27.633010003809485],[25.942549999692066,-27.61859999674868],[25.926879996841624,-27.603870001360253],[25.90949999927976,-27.610410004052298],[25.895309999573637,-27.61037000282469],[25.89832999929028,-27.622529999935697],[25.8724300033909,-27.62797000231178],[25.852609996920982,-27.620980000137983],[25.84351000038333,-27.60430000323198],[25.843879997980324,-27.58814999910812],[25.83023999574071,-27.56619000321245],[25.814740002222862,-27.572810000206786],[25.805069996423054,-27.582919998628135],[25.78379999631089,-27.5833699976149],[25.763460003614757,-27.59626000629962],[25.72771000286896,-27.609199997820937],[25.709900002247448,-27.624550002814836],[25.683639998776172,-27.626619996931026],[25.677420001878602,-27.630789997175366],[25.678469995732932,-27.67698000087919],[25.67175000244341,-27.688559998995558],[25.65779999978047,-27.694859997428477],[25.637000002606143,-27.68185000179371],[25.627539998570725,-27.667159997564738],[25.59660999948737,-27.65506999677732],[25.58498000260883,-27.658349996610124],[25.57239000376487,-27.677520000438275],[25.555830001921365,-27.686659997704556],[25.51319000422814,-27.694759999154115],[25.479430002958285,-27.69338000131276],[25.472660001477543,-27.70782999980483],[25.44426999899769,-27.716110000830962],[25.424029997025528,-27.71558000110106],[25.39121999959406,-27.731189998103087],[25.364029996635256,-27.750540000995855],[25.347499997395705,-27.7744600024262],[25.34042000370468,-27.792959998786838],[25.323529997293075,-27.793790001132702],[25.277410003208498,-27.795319995911832],[25.269850000147283,-27.80062999843482],[25.25938000150731,-27.82294000206526],[25.238070001731167,-27.837049998608308],[25.256649998645578,-27.853690001555282],[25.24972000202003,-27.86864999805626],[25.228209998266035,-27.878489997371787],[25.200940001193455,-27.886589998807683],[25.185110003319068,-27.90888999683376],[25.161339997928284,-27.92660999814753],[25.136690000793546,-27.923459997612124],[25.130899998342702,-27.92978000135256],[25.13249999722393,-27.946809998576764],[25.112480004488116,-27.96913999884254],[25.090600001716105,-27.98402999884662],[25.10643999784465,-28.006840000735718],[25.104939996913558,-28.016689990610093],[25.076910001014262,-28.048360000654593],[25.074650009116315,-28.06424999568248],[25.055689999689907,-28.070590011133433],[25.03690999947803,-28.068529999250863],[25.028079999576253,-28.073480002004672]]]},"properties":{"Union":"Dragons"}},{"type":"Feature","geometry":{"type":"Polygon","coordinates":[[[29.899139977165788,-27.385490028158426],[29.88507998814787,-27.37658001661177],[29.866209988320808,-27.384149982870806],[29.840189998525897,-27.37898998215986],[29.83374998743718,-27.403779981375],[29.821659984605773,-27.411529980973533],[29.822649988285193,-27.427299982578663],[29.81451998620519,-27.43057998126822],[29.810689986758533,-27.44476998115874],[29.79090999049962,-27.459220016243602],[29.77343998602418,-27.45380998096493],[29.758679986136787,-27.442570015250894],[29.74520999971588,-27.432870001071354],[29.721169996066383,-27.432900002878785],[29.717219997153897,-27.44032999804382],[29.69929000208722,-27.45033999870056],[29.701929998440054,-27.46767999619492],[29.69773001158677,-27.47541000145429],[29.704269998698184,-27.48940000256684],[29.685900003770588,-27.497610000771186],[29.65475000298687,-27.496400002886485],[29.649410000005478,-27.504229998449414],[29.61891000222286,-27.506020002373894],[29.603980000708244,-27.494199999780804],[29.60071000034612,-27.470059999148877],[29.584300001924436,-27.464160000309462],[29.559939999579058,-27.432179996703642],[29.546460002004515,-27.43111999737845],[29.542629998051662,-27.420240008827637],[29.549089999333646,-27.408840003297463],[29.537120000475753,-27.38697999756049],[29.525709995530782,-27.386259999647724],[29.50942999864562,-27.37730999896985],[29.502200001125242,-27.35812999780236],[29.48231999828756,-27.35892999772619],[29.490100001486557,-27.336869996649487],[29.468989996145314,-27.324200004200076],[29.47223000273613,-27.309510000111704],[29.46294999909941,-27.287139998972926],[29.44343000324446,-27.26692999939487],[29.418859998849413,-27.254520000234844],[29.404100000169986,-27.252200002895876],[29.391299998212062,-27.242690000182847],[29.368150001533657,-27.251270003226715],[29.363680000886536,-27.247739999828724],[29.339579999730798,-27.252730002968026],[29.33213999866876,-27.230469998068855],[29.33709999979048,-27.21831999922363],[29.331469999698744,-27.210100002731615],[29.300540000423293,-27.211939998638318],[29.28408000354612,-27.19070999957922],[29.276680003512745,-27.194330002230107],[29.25911999753087,-27.182119999350636],[29.247940007567433,-27.191999998977504],[29.229809994298982,-27.1672299988144],[29.223870001723377,-27.14470000344181],[29.21376000267076,-27.146939998188454],[29.197919990498676,-27.140620002750094],[29.177229998292237,-27.146510004165314],[29.170929999558425,-27.14161999904815],[29.15333000136652,-27.145500001842304],[29.13636999890313,-27.154220003879967],[29.12100999639873,-27.1715699997859],[29.103510002557925,-27.129829999362872],[29.08601000284647,-27.11525999824512],[29.071830003120915,-27.085730000439103],[29.06103000058914,-27.07175000279419],[29.0721100009735,-27.056979998730696],[29.064859998668076,-27.042830000748104],[29.054209999649323,-27.034990000994956],[29.057230000391318,-27.00930000028522],[29.038380001780094,-27.005510003251526],[29.038839999581196,-27.022130001664742],[29.015141791934383,-27.009956936627823],[28.96753000124274,-26.99145999599507],[28.954770000869857,-27.011460001952702],[28.941179999268417,-27.015480004347875],[28.91808999856459,-27.012409997861067],[28.90416000225014,-27.019830001730174],[28.89451999943836,-27.01337000086359],[28.900379996939183,-27.048339999103803],[28.890129999221994,-27.058950004349054],[28.881200010593815,-27.056369997700724],[28.869950001944073,-27.031679998693605],[28.857869999292046,-27.02492001127085],[28.84402724653023,-27.03866757432703],[28.810859997679312,-27.038610003776967],[28.80977000292808,-27.019279997631305],[28.796239997854926,-27.028830002143895],[28.77356999513915,-27.017369999125957],[28.770229997710025,-27.002830000105494],[28.752970001971427,-26.997919998390802],[28.735259999015437,-27.00074000113507],[28.725370000636016,-26.984600003190504],[28.707320003093812,-26.96835999874616],[28.701390002259565,-26.97495999911639],[28.679690000342024,-26.97361000273068],[28.64692000386028,-26.95303999726285],[28.621220003927327,-26.969090003147752],[28.610160001155418,-26.986950003135686],[28.615589995763248,-26.999739997776896],[28.632180000904608,-26.991150004383623],[28.655520003138754,-26.996930000692085],[28.64442999771432,-27.0203100039659],[28.630239999495917,-27.01284000008553],[28.609490001238388,-27.00804000290313],[28.608330011195207,-27.020990001220778],[28.594820002318272,-27.022959997003866],[28.585470001567305,-27.03586000383902],[28.568259999232666,-27.03514000035312],[28.55929999880544,-27.040660002076606],[28.559889996080738,-27.05422999975841],[28.545089995549215,-27.05361000030511],[28.549689997862448,-27.041600000419848],[28.530819996995277,-27.027100002316477],[28.528289997279444,-27.018510000824428],[28.502979999415775,-27.005520002338816],[28.51087999595182,-26.992770000133422],[28.500449999151776,-26.977759997906034],[28.485850003166735,-26.971109998205346],[28.472539997840965,-26.97951000190239],[28.443360001650618,-26.960360003334472],[28.43663999994272,-26.96454999920292],[28.45174000051082,-26.979739999622357],[28.434569996980954,-27.002470000902935],[28.41899000235014,-27.01306000131757],[28.413320002332483,-27.00686000038288],[28.428690003170175,-26.99034999735214],[28.400349998680944,-26.95086999608576],[28.401350002700966,-26.938949997193696],[28.392149999833567,-26.931420003999097],[28.37260999986522,-26.934739997202104],[28.354280005298758,-26.931380002727348],[28.32839999723491,-26.94791000267128],[28.319690001710917,-26.936519994579925],[28.300429999164336,-26.940160001939358],[28.290360001177334,-26.930510000135232],[28.27888999960364,-26.90577000324341],[28.262279998147623,-26.914600001323972],[28.261370003394248,-26.90200000281388],[28.24428000049011,-26.884779999720266],[28.243464998520185,-26.873693003106187],[28.261910001087955,-26.875240002869173],[28.263330001386844,-26.866460004077823],[28.28430999651615,-26.864380002801852],[28.283520004098595,-26.877069992020704],[28.309549999686475,-26.879429997640454],[28.325010001111753,-26.841070004067884],[28.319410003926752,-26.792669997873343],[28.33937999907456,-26.785590003697678],[28.34819999866099,-26.772909989022892],[28.406850001839405,-26.76171000318617],[28.393969999179745,-26.716750000122275],[28.38296000282877,-26.717530003363155],[28.400099996912804,-26.65504500026846],[28.44382999776435,-26.6544300027248],[28.443100001400225,-26.639169998367592],[28.490280004352417,-26.635330004432493],[28.483250000718662,-26.61838000039086],[28.498350003317206,-26.60402999891251],[28.50544000273226,-26.589660001042233],[28.52783999917712,-26.59063999957121],[28.53297999879351,-26.57789999587062],[28.526649996661934,-26.55806000186853],[28.524215001385286,-26.52849999463132],[28.52765999932463,-26.502209997224988],[28.573780001402987,-26.516140002126253],[28.58490999948003,-26.538560001633588],[28.638150003457778,-26.54730999923388],[28.631190004126083,-26.524640002573886],[28.641620001010097,-26.5075699958562],[28.661799997850814,-26.5058600018657],[28.688949999553774,-26.51309000113513],[28.763910003114667,-26.518010000179014],[28.765920000401834,-26.471449998385236],[28.780300003956267,-26.45052000133632],[28.789930000508882,-26.426450003021067],[28.80549999798531,-26.422169998562566],[28.832150002649858,-26.407760000649233],[28.861289998312305,-26.3985699961957],[28.85032999259352,-26.367039999901888],[28.83844000268332,-26.340750002763215],[28.817800001129726,-26.34572000175457],[28.805080001873492,-26.306590001875797],[28.778900000138123,-26.316929998701692],[28.739360002852475,-26.324530003429565],[28.710120010365344,-26.34124000211747],[28.672727996641438,-26.320913000893697],[28.672797010642963,-26.311687997884185],[28.626900002112293,-26.29243999735906],[28.622290003089653,-26.248379998671144],[28.581970002013616,-26.23729000058383],[28.53053999948439,-26.225309995846953],[28.53429000196561,-26.172240001367037],[28.527150002864474,-26.178740004324563],[28.521339995917977,-26.14449001100048],[28.49050000395653,-26.126392002029093],[28.501190010395465,-26.089569991203795],[28.515820001124116,-26.081249996172684],[28.50305499688799,-26.06380000256352],[28.515764999208102,-26.05852499899444],[28.530769997953033,-26.061569997870063],[28.538629995015768,-26.047810001589067],[28.57893999693852,-26.05959000303486],[28.590949997331755,-26.00247999392955],[28.63226000308482,-25.970779996977306],[28.652659999874473,-25.974250001746693],[28.710839999561205,-25.990589995762893],[28.757540000670147,-25.99057999841351],[28.773859998458896,-26.013659999201938],[28.793860004404717,-26.004569999754384],[28.832929997739768,-26.00480999714677],[28.86483999720615,-26.001269996448443],[28.88504999621751,-25.97439999939208],[28.882540000599576,-25.969780000644036],[28.87950999553978,-25.925240999798156],[28.88896000239259,-25.880329999074956],[28.886800000268256,-25.871429997289262],[28.93817999585826,-25.888640002021667],[28.941070002302908,-25.87729000306854],[28.95044899999661,-25.837352998317147],[28.938169998971627,-25.82328499629179],[28.95758700350445,-25.774645999959905],[28.981310002246456,-25.74254000180867],[28.950672998317604,-25.728273002953905],[28.968829999345726,-25.67330999780465],[29.00829000308355,-25.660570001675005],[29.06462000131868,-25.642419998793326],[29.064199989205505,-25.6206599989105],[29.03999999761496,-25.617549999961334],[29.04561999861777,-25.58080000267929],[29.03428999687964,-25.56339001018307],[29.086889995568548,-25.54861999705691],[29.09842000310549,-25.53773000280356],[29.091370002984775,-25.53058999555965],[29.078729996852672,-25.499590000564805],[29.058739998133166,-25.527230002886263],[29.048189999184675,-25.520219995900305],[29.032270001085656,-25.520719993763652],[28.99324000006842,-25.542520001772203],[29.007760001912857,-25.574160001765637],[28.946539999003246,-25.59979999717014],[28.915160000078334,-25.558000000342037],[28.910090004385864,-25.52445999896294],[28.858223998354546,-25.569064998325263],[28.874080000966067,-25.527060000899667],[28.85178000327235,-25.50181000039758],[28.79705400073974,-25.542044995967117],[28.80854000094893,-25.573249997953674],[28.843109999501735,-25.56644000383558],[28.858380003257345,-25.634809995630544],[28.87195000096354,-25.641629997278546],[28.869299999512336,-25.65811999604289],[28.84569999596064,-25.6523099968878],[28.836010001785567,-25.637369997782915],[28.811500002647414,-25.643030000406576],[28.810030003602932,-25.659119999017697],[28.822919996574342,-25.65892000382979],[28.846950003044007,-25.68242000117751],[28.819299995115223,-25.695090001232497],[28.808239998670576,-25.689029999801022],[28.79272999964845,-25.70242999625445],[28.769259997177848,-25.69877999917872],[28.757220001580645,-25.70587999799665],[28.752849889476135,-25.693910584339378],[28.766310000935878,-25.646979998599683],[28.738179999940407,-25.633869997939875],[28.723869999273152,-25.631770000571354],[28.72205999775094,-25.644180001357036],[28.708800000425516,-25.682820000864314],[28.68377999698322,-25.67538000025167],[28.67469500084324,-25.658849991787033],[28.642512002770538,-25.589865003384404],[28.64544999718731,-25.58577999978636],[28.635000004017236,-25.55915999776312],[28.625750002111996,-25.52304999680769],[28.63399999952948,-25.51988999955746],[28.632059999370856,-25.488410003168816],[28.620989998446497,-25.4706599987698],[28.629409997208903,-25.459849997665973],[28.61978999759512,-25.41138999627673],[28.63893999726119,-25.393980004356443],[28.622579998224065,-25.33364999913716],[28.641260001865408,-25.327639996788225],[28.69563000202644,-25.294460002690844],[28.732940001880895,-25.282699998163906],[28.739590001379778,-25.28853000057759],[28.732429997614563,-25.269170000631682],[28.763849989866745,-25.22109000077367],[28.784560003439662,-25.228659994098994],[28.775410000123536,-25.183770002964618],[28.759159996298816,-25.149719998173328],[28.744588997162985,-25.109612001821176],[28.71011000440544,-25.116060003016663],[28.6683099976669,-25.138524989768555],[28.651569996417066,-25.14289999729159],[28.64890999653006,-25.1129200018317],[28.63496000284416,-25.118330001361493],[28.635959998966342,-25.128130000173524],[28.59672000315242,-25.138469996565618],[28.596110001051215,-25.142579998566017],[28.53682999862717,-25.152549990799898],[28.532059997256187,-25.16978999902888],[28.497650000603894,-25.181830001200787],[28.461599997228213,-25.201479996704837],[28.411020000674714,-25.204829999685728],[28.39191000292516,-25.164150000644728],[28.379259998643636,-25.1552999988687],[28.44297000060801,-25.128989989362584],[28.44660000937296,-25.135870001671808],[28.495239996396137,-25.131779996961683],[28.473739998328295,-25.089319998658922],[28.606899996951505,-25.070390000087915],[28.609490000573896,-25.059899998036816],[28.634289996493653,-25.058240002130255],[28.605540002827155,-25.00379999825244],[28.63379999680672,-24.984389997786522],[28.658850001766844,-24.97216999698031],[28.71377999671303,-24.95362000214888],[28.75937999686814,-24.91135000066217],[28.83739000103979,-24.916009999952706],[28.84638999960621,-24.933259996691042],[28.924069973617623,-24.901529978111093],[28.941759970395893,-24.933640031258058],[28.891659972086646,-24.955459962861166],[28.90936996639644,-24.99549003083584],[28.910299970085596,-25.00708996580754],[28.934860035312745,-25.00065996198868],[28.946200035205617,-25.017030031176535],[28.97170997038313,-25.07017996696888],[28.976359970218443,-25.07083003101304],[29.01880997109605,-25.05489996612122],[29.070663960204968,-25.065466042436736],[29.085570960782167,-25.08821395590184],[29.088289966963945,-25.10362003087375],[29.105759970270533,-25.100430030666576],[29.11849996237786,-25.107520041049128],[29.128429971670375,-25.11303996612772],[29.086869971111398,-25.136540030705508],[29.089839960670037,-25.14845004237678],[29.042509980915426,-25.140500019722026],[29.044899972472265,-25.2021599648763],[29.032259982939213,-25.249330020209804],[29.038444972001084,-25.276459965632903],[29.056479970074136,-25.279330033239656],[29.09016996924038,-25.28939996628885],[29.09588997346084,-25.32118003224276],[29.118369972016165,-25.313239966165455],[29.166959959796223,-25.303360041783645],[29.174629972808532,-25.318469966317377],[29.164119970376834,-25.354480030081174],[29.142019972687354,-25.385830032403575],[29.19569997144772,-25.37028003078487],[29.207338979016185,-25.41457202056859],[29.23753997003274,-25.402330029929413],[29.25309996969492,-25.38354002993752],[29.264433960267652,-25.3754630420167],[29.3214399733237,-25.379870030270975],[29.34212997341833,-25.373070032078783],[29.34995997012566,-25.404640034201933],[29.362459978916544,-25.40711002097478],[29.398949971613575,-25.41483003008262],[29.45277997255426,-25.40725002971987],[29.51882997854754,-25.422790022228135],[29.52262996103176,-25.40504004043978],[29.586999972815956,-25.39516002998127],[29.612789972964666,-25.400610030336292],[29.673859971941752,-25.372160030304048],[29.727649972442393,-25.384160030167415],[29.77023997155282,-25.401530030061437],[29.79318996812453,-25.362059967139096],[29.821219969733903,-25.360299965687222],[29.83257997249166,-25.36979003180605],[29.840299972353694,-25.38632003099684],[29.887799972114426,-25.364339964766405],[29.887919962268505,-25.33857995558289],[29.937569971062892,-25.331020030755614],[29.990589983148997,-25.338250026404804],[30.0062099710776,-25.340340030262627],[30.000669971160796,-25.27948003164596],[30.00910997321514,-25.249530030612426],[30.00983997103788,-25.23128003082478],[30.00540997116687,-25.14438003122237],[29.978949982395637,-25.09211998170087],[30.02983999675971,-25.084570000311412],[30.029869999758294,-25.064130001848696],[30.0902399968329,-25.10810999834614],[30.09084999912344,-25.125500002576157],[30.12114999957885,-25.120859999571042],[30.144389996957,-25.123789998656463],[30.14442999738204,-25.091210000817554],[30.148580007546283,-25.089949997109326],[30.1485099972941,-25.032350003996967],[30.15934000072891,-25.028029999964588],[30.19865999921797,-25.036360000371307],[30.172069999464757,-24.989169999003586],[30.171539998980716,-24.972259995884183],[30.178470004446524,-24.92206000317447],[30.191979988634735,-24.85547000922873],[30.297290000503903,-24.867740001991788],[30.352880004069547,-24.883449998061277],[30.35417000292318,-24.849279998851838],[30.396190000904852,-24.870859991084895],[30.3897699998208,-24.849450000185897],[30.425070003215954,-24.85486000022636],[30.437979999538925,-24.864339999785017],[30.4515399915382,-24.912000003954546],[30.494219998693353,-24.953270001384382],[30.496309997118527,-24.914720001390425],[30.5628800027376,-24.8964600005564],[30.58116999665257,-24.916909997015516],[30.57996999695701,-24.887370002367945],[30.608365003080827,-24.872412998554495],[30.618660003683377,-24.844240005406384],[30.63488000446688,-24.852770001083133],[30.656200003388474,-24.811690000679473],[30.66422000272274,-24.77460999973241],[30.633719996792955,-24.758499996303726],[30.636610004455562,-24.734079996952392],[30.678569996452403,-24.735809996832806],[30.720100001914325,-24.705238009419862],[30.709660997328342,-24.667363999651766],[30.67924000288116,-24.623670001763628],[30.70154999942236,-24.586410001263822],[30.730319997289477,-24.60872999631292],[30.732280003125922,-24.547519997780448],[30.730179999219533,-24.498499999604423],[30.758979999015715,-24.46021999861182],[30.799280002770768,-24.498890002035445],[30.871709999545125,-24.53850000263977],[30.90892999928968,-24.525769997434995],[30.95433001115086,-24.521279999582465],[30.959319998192793,-24.582070000965466],[31.053739999470764,-24.570280000544575],[31.111079998950576,-24.566120000382686],[31.226180010995165,-24.55601000208923],[31.253660002252108,-24.499120000922073],[31.20324000137226,-24.426459990808024],[31.159949999797732,-24.43740999791282],[31.159969996882655,-24.37557000213063],[31.24202999827527,-24.36543000056844],[31.200059999055426,-24.30494999227478],[31.152520006461124,-24.318669994744244],[31.102210001555193,-24.323730001355987],[31.056020004185275,-24.32188999688381],[31.060429999871705,-24.27180000088612],[31.05436999834674,-24.231929999117806],[31.049939997766582,-24.187319997381596],[31.107269998685723,-24.145730001004313],[31.09614999930616,-24.11736000339111],[31.115100002370742,-24.1192099893265],[31.120569998471513,-24.09025999963563],[31.085990000726262,-24.094519999343674],[31.063430002408083,-24.091459999363746],[31.07642000141333,-24.0811899970205],[31.10155000037249,-24.070639998309307],[31.118799998540933,-24.068239998654647],[31.133779996914477,-24.073699996777076],[31.147080004317107,-24.06968000334577],[31.170949999301566,-24.056189999226113],[31.178100004077102,-24.034990002341374],[31.19425000856394,-24.031149998550113],[31.220020003376955,-24.04556999604019],[31.23470000099112,-24.05756999657286],[31.24701000356157,-24.07500000322574],[31.252280003471352,-24.097730003071348],[31.2641099959778,-24.099830000210318],[31.275079998978235,-24.09381999661109],[31.293450003194458,-24.07439000058332],[31.317669997740435,-24.082869998042103],[31.365119999432746,-24.06846000674539],[31.37911000196795,-24.052250006364122],[31.386439998521933,-24.05219999924182],[31.39901999955967,-24.067550004309822],[31.428049998150847,-24.054500000368424],[31.440560003546953,-24.038299996394908],[31.440939999042747,-24.02098000326263],[31.46252999725618,-24.0296400003961],[31.481969999387086,-24.031620001777245],[31.50992999933043,-24.043180002563144],[31.520940003873953,-24.054300004224284],[31.54255999678795,-24.053990003848984],[31.546239996137828,-24.039719995899134],[31.56823999981572,-24.033069996554083],[31.580280003136753,-24.047109997808473],[31.5946999996606,-24.056369998194047],[31.609239998371642,-24.04509000285014],[31.60957000274012,-24.03628999881167],[31.620889999024058,-24.023250002061058],[31.652420002111143,-24.014200002849577],[31.665980002070132,-24.016700000244843],[31.6787199978375,-24.055089996670922],[31.68372000051846,-24.05953000379174],[31.718699996398453,-24.056840000678392],[31.73581000364208,-24.04607999984118],[31.73349999613099,-24.01452000239098],[31.76747999815274,-23.984619999580122],[31.78269000402969,-23.982080001803567],[31.794610004418203,-23.991929999762522],[31.81253999949359,-23.999310003989276],[31.8249700030676,-23.98616000167396],[31.85268000036239,-23.986849997334623],[31.883834663364475,-23.98459445435882],[31.88675999963661,-24.00132999924878],[31.90801000360227,-24.182429999316376],[31.981279999020046,-24.297339997935513],[31.987129998598764,-24.302200000240262],[32.0130999987088,-24.4545899999233],[32.008910002402715,-24.57515000225714],[31.99827000297661,-24.689740002208552],[32.01548000040764,-24.92512000337374],[32.03017000439,-25.06569000090844],[32.03359000214741,-25.132519998599275],[32.031979997902674,-25.183094999530937],[32.02882000034364,-25.241430001248936],[32.014649998150006,-25.385560003740363],[31.990520002283514,-25.428969999411045],[31.979620002261886,-25.457059999255247],[31.977379999809667,-25.50979999778808],[31.981329998581618,-25.523820002363628],[31.99576000029224,-25.52626999980485],[32.00564999953537,-25.625989997123813],[32.00609900056967,-25.645194000278106],[31.995940000225474,-25.676690002884847],[31.97856000285568,-25.693670002156036],[31.93054999762603,-25.840769997184463],[31.97369000144844,-25.953200003341063],[31.86786000377396,-25.999600001584398],[31.603410003212748,-25.835309998341376],[31.539644999684445,-25.794973999184094],[31.416299999183067,-25.71875999955367],[31.315939998057946,-25.74304000134881],[31.263569996928727,-25.809630003334153],[31.126570003356584,-25.92114999695664],[31.112750001703677,-25.982569996172995],[31.089610004521628,-26.026190000684387],[31.071039996358053,-26.067310000828464],[30.961437995645166,-26.261732000036687],[30.89186000157194,-26.320820001214262],[30.857557998731338,-26.38379200256821],[30.831010003409403,-26.41117000111059],[30.805060000210883,-26.466670994797386],[30.80026000164105,-26.50405999907811],[30.79180999975569,-26.569109998708726],[30.79079999803937,-26.71228999709493],[30.802650002853582,-26.824020002212883],[30.813219999467385,-26.844480004425634],[30.824829998677494,-26.840429998796314],[30.848049999223495,-26.818970008618702],[30.85903999767626,-26.818989998361783],[30.887284998981603,-26.803584998657367],[30.90224999722544,-26.851800002394217],[30.907420000062753,-26.859929999273966],[30.942749998516287,-26.887989997225205],[30.973559994619965,-26.90821000239667],[30.97681999893325,-26.92160999935592],[30.976519997040487,-26.953429998342532],[30.97371000028525,-26.964509997837368],[30.95832600337134,-26.992128997971466],[30.984759997260696,-27.03698000191608],[31.021759996620386,-27.067780001905493],[31.061329997329384,-27.096290005993286],[31.150550002290498,-27.202080003216775],[31.274329980397635,-27.243170020816226],[31.204839985202643,-27.31704998166728],[31.1658699924827,-27.368520013030913],[31.140865024219952,-27.362659979552348],[31.10095998812769,-27.33576002078774],[31.065879986533602,-27.338349982586077],[31.048439982229787,-27.34513001736784],[31.031179984962108,-27.34624001614144],[31.020869987497612,-27.360420013148758],[31.008429981840546,-27.348760016193946],[31.001939986739806,-27.35888998190029],[30.976909984893112,-27.35826998212949],[30.962339983187242,-27.365640018050083],[30.955789989017966,-27.359709982818526],[30.940839985050747,-27.36694998382858],[30.939419984895952,-27.346760017855903],[30.92367998498025,-27.33127001907902],[30.92215998856212,-27.305049981734253],[30.90912998182381,-27.305309982036317],[30.864319983553465,-27.31545998336562],[30.864649988900435,-27.33206998297912],[30.857589982045727,-27.343300016345417],[30.829679989372817,-27.35014998240042],[30.8254699946943,-27.340799987903758],[30.809029987844987,-27.33927001831728],[30.80430998458643,-27.32429998437215],[30.790989981875395,-27.31845002115219],[30.76991998594813,-27.325359984037217],[30.76310998456334,-27.30866001664077],[30.73833998381837,-27.2941699829944],[30.729449988007463,-27.29957998370363],[30.717899990238156,-27.287239987930942],[30.706799990032916,-27.283289986979497],[30.66061999059567,-27.287920009652584],[30.58773998922995,-27.322949981112817],[30.556719989624067,-27.32740998439445],[30.527049997379603,-27.315749990293735],[30.49632998667918,-27.312510015944973],[30.46646998812737,-27.324200018197878],[30.448269997991506,-27.327739937758324],[30.433459986928106,-27.325680016062876],[30.425979978805735,-27.314960016443084],[30.42644998883295,-27.269830019442324],[30.397619987405285,-27.27377997892326],[30.367609987949084,-27.26742997955988],[30.366709989616176,-27.311689982713673],[30.32837498006139,-27.299639981700487],[30.31752998406123,-27.301980021265997],[30.30221998530511,-27.31739498211674],[30.282489986241135,-27.314439983030258],[30.278729985372284,-27.332630015603193],[30.279930015582238,-27.368589975876947],[30.24658998798939,-27.373859983794475],[30.234669988417973,-27.380739968591275],[30.22863998475398,-27.365349987692014],[30.1980799836302,-27.355180022876898],[30.190069979734158,-27.368870019893073],[30.165839990300128,-27.387499984144114],[30.150239985732803,-27.39224998561791],[30.152719979354586,-27.404280022403803],[30.1434150255557,-27.41339402495266],[30.11160998860943,-27.386529982823216],[30.086819984585627,-27.36849998283271],[30.06828997886814,-27.365870020650668],[30.03957998381606,-27.389260018156616],[30.030599989412977,-27.386699982541835],[30.016241986157944,-27.397589020148217],[29.99506998700694,-27.388370015970967],[29.9784699866657,-27.37299001817429],[29.917219986424016,-27.35440998260057],[29.909429979593792,-27.37380002059906],[29.899139977165788,-27.385490028158426]]]},"properties":{"Union":"Rhinos"}},{"type":"Feature","geometry":{"type":"Polygon","coordinates":[[[27.716306001299767,-26.761676999637665],[27.689029996402358,-26.76181000132866],[27.672960001947867,-26.77261000335749],[27.661369997775672,-26.77319000333054],[27.628680003989903,-26.763959996722573],[27.635789999965763,-26.75131000065998],[27.629519995627778,-26.73234999986679],[27.610489999972444,-26.73260000336872],[27.60671999978862,-26.741269996820115],[27.59042999739573,-26.738360003250783],[27.589120002327018,-26.724090003362537],[27.602240001454934,-26.722850002899786],[27.602839997121773,-26.69243999704467],[27.575309999034022,-26.715690000266278],[27.570240001726393,-26.68365000039654],[27.569090001516376,-26.64716000378815],[27.506530001378817,-26.646230004037907],[27.45482999824206,-26.630330001634015],[27.434669998134222,-26.631809998607345],[27.425759000780303,-26.64946799987345],[27.378349997563273,-26.610679997687818],[27.385389999331007,-26.604270002928715],[27.36583000168541,-26.573830002929917],[27.338639999150757,-26.571729998259407],[27.33150000041613,-26.590320002272975],[27.34421999982454,-26.613130004265418],[27.28479000123163,-26.625089995852306],[27.26940000381805,-26.632619997226072],[27.258020001781794,-26.630860003438993],[27.241869998495766,-26.63646000018648],[27.235020002980445,-26.6186199968292],[27.23451999738348,-26.594920002609747],[27.228359997030037,-26.57105000085867],[27.182637003461128,-26.574619995853237],[27.18256000213134,-26.563129999133],[27.167100000572376,-26.551429999079154],[27.158760002742127,-26.525419999260556],[27.21247000245531,-26.514799996431304],[27.23142100226552,-26.505480995980072],[27.223779999870445,-26.451769999192127],[27.224849998826723,-26.443970000303814],[27.18795199991742,-26.377862998888308],[27.234810000498992,-26.3382699945595],[27.274810003268275,-26.314250002830065],[27.29929998982686,-26.3044799986718],[27.330070999753833,-26.28181499877791],[27.30838999740848,-26.225180004243036],[27.291409997912773,-26.144620004206207],[27.358259992504575,-26.154609999847697],[27.36171999957061,-26.11566999925832],[27.41944000370062,-26.117499996099728],[27.42522000001236,-26.08938999892466],[27.435689997881838,-26.022569999451573],[27.449810001408796,-26.016250003933223],[27.457009996653902,-25.98184999836309],[27.453566004029387,-25.92016000013986],[27.463299997296268,-25.9214700029559],[27.457039998601246,-25.888290001195973],[27.47000000420328,-25.888100003767963],[27.461947001455652,-25.867606001262576],[27.497539999982706,-25.859589999126044],[27.513269999731975,-25.860330001165174],[27.532289998196127,-25.849960001205698],[27.559849998372812,-25.842839999321313],[27.598290002441516,-25.81956999979885],[27.605550004133818,-25.808229998789344],[27.64354999856516,-25.795919997575734],[27.648850002390216,-25.835020003151755],[27.664559997772553,-25.841930003149148],[27.684930000105542,-25.875400001098644],[27.74270000281004,-25.85023999938266],[27.744549997336748,-25.894620003158135],[27.791029997027877,-25.87467999486906],[27.83146999980616,-25.86017299809795],[27.843960001295166,-25.848900000766836],[27.858739996919226,-25.8188199987527],[27.891680001975853,-25.822909997432227],[27.88526999850367,-25.83537000319922],[27.8826000012159,-25.86187000271227],[27.898200001176885,-25.85974000428349],[27.899469996137125,-25.88277999625682],[27.89035000191902,-25.883950009285467],[27.893797999964857,-25.905681003126627],[27.92248000057551,-25.917559997258216],[27.932119997514146,-25.916300001038294],[27.946669994031527,-25.914939997510647],[27.95015999644373,-25.906169996690405],[27.966859997432344,-25.91092000317353],[27.98398000298186,-25.90283000006651],[27.98785900036894,-25.934010003446495],[28.029906001386877,-25.91110199843649],[28.04573999620437,-25.93154999887482],[28.105469997351594,-25.924899999574905],[28.110230000855516,-25.944910010904454],[28.181050000257077,-25.919549998194174],[28.166459997304273,-25.979269987868317],[28.194452997301646,-25.984900000294488],[28.19753996258398,-25.974590116010067],[28.21152199665087,-25.978917995579877],[28.2144600000111,-25.994529996675354],[28.17985600144371,-26.020846996891386],[28.187990003217607,-26.036160000658153],[28.158183000602044,-26.038250000039323],[28.165679998033898,-26.056019999008893],[28.179410000285905,-26.066839996964],[28.18482999729601,-26.089259998841392],[28.17692999931145,-26.098389990398562],[28.180481003946472,-26.119425993926292],[28.136050003548135,-26.126410002384763],[28.13190000109644,-26.14646000014029],[28.12454600226408,-26.149132996918272],[28.11273999600111,-26.16777999791557],[28.127110002045598,-26.227180002680885],[28.12285199781697,-26.247929003437832],[28.077189998270207,-26.259930001029943],[28.07056000272708,-26.27261999845671],[28.078069999227285,-26.30381000824315],[28.09106999620823,-26.313559998980388],[28.080259995923132,-26.32091000027601],[28.081450004874874,-26.33429999876669],[28.067101999062967,-26.341940003692294],[28.081150003280364,-26.335710001139553],[28.097516002193156,-26.36030999938304],[28.077750001009143,-26.409139999837755],[28.077180000282336,-26.41730000019983],[28.117909000916573,-26.419069999310885],[28.125670005759325,-26.43066999335365],[28.14723000888044,-26.423930002118833],[28.16029000401054,-26.438029999904177],[28.18301400287947,-26.419234997023967],[28.18684000224791,-26.430329997942792],[28.17812000054263,-26.443749999442577],[28.187690000693003,-26.45312000406573],[28.20874000002768,-26.43402001219929],[28.220399998820433,-26.436280004345306],[28.2234500006792,-26.43239999997601],[28.26374999706634,-26.435040011676474],[28.27109999820668,-26.413700000110662],[28.264610001931125,-26.40881000304895],[28.24418000215821,-26.376570008135772],[28.24856999396316,-26.370549998921327],[28.274010000595318,-26.358679998323176],[28.286329999712375,-26.367420003780868],[28.293609998008236,-26.38431000320509],[28.309050003445453,-26.367929999913173],[28.3549299987854,-26.406960001279028],[28.37029499792777,-26.393630996703934],[28.394080002535816,-26.397709999440504],[28.406659995586704,-26.408830000261172],[28.371779996934794,-26.435440004087038],[28.380828997777794,-26.447203997780715],[28.414719996519022,-26.422810003829753],[28.45023000197028,-26.440749996954608],[28.499080000232112,-26.439300002023824],[28.500769999704655,-26.4643699998592],[28.52314114760603,-26.465579530678863],[28.516349999712588,-26.447919999635605],[28.50873999928945,-26.38016999839166],[28.517879997092585,-26.361959998447567],[28.51424999590435,-26.34655000391306],[28.5249699969569,-26.332350006596382],[28.519596000287798,-26.325139000372474],[28.51817000016479,-26.274232996765633],[28.513630004413155,-26.221430001088766],[28.527150002864474,-26.178740004324563],[28.53429000196561,-26.172240001367037],[28.53053999948439,-26.225309995846953],[28.581970002013616,-26.23729000058383],[28.622290003089653,-26.248379998671144],[28.626900002112293,-26.29243999735906],[28.672797010642963,-26.311687997884185],[28.672727996641438,-26.320913000893697],[28.710120010365344,-26.34124000211747],[28.739360002852475,-26.324530003429565],[28.778900000138123,-26.316929998701692],[28.805080001873492,-26.306590001875797],[28.817800001129726,-26.34572000175457],[28.83844000268332,-26.340750002763215],[28.85032999259352,-26.367039999901888],[28.861289998312305,-26.3985699961957],[28.832150002649858,-26.407760000649233],[28.80549999798531,-26.422169998562566],[28.789930000508882,-26.426450003021067],[28.780300003956267,-26.45052000133632],[28.765920000401834,-26.471449998385236],[28.763910003114667,-26.518010000179014],[28.688949999553774,-26.51309000113513],[28.661799997850814,-26.5058600018657],[28.641620001010097,-26.5075699958562],[28.631190004126083,-26.524640002573886],[28.638150003457778,-26.54730999923388],[28.58490999948003,-26.538560001633588],[28.573780001402987,-26.516140002126253],[28.52765999932463,-26.502209997224988],[28.524215001385286,-26.52849999463132],[28.526649996661934,-26.55806000186853],[28.53297999879351,-26.57789999587062],[28.52783999917712,-26.59063999957121],[28.50544000273226,-26.589660001042233],[28.498350003317206,-26.60402999891251],[28.483250000718662,-26.61838000039086],[28.490280004352417,-26.635330004432493],[28.443100001400225,-26.639169998367592],[28.44382999776435,-26.6544300027248],[28.400099996912804,-26.65504500026846],[28.38296000282877,-26.717530003363155],[28.393969999179745,-26.716750000122275],[28.406850001839405,-26.76171000318617],[28.34819999866099,-26.772909989022892],[28.33937999907456,-26.785590003697678],[28.319410003926752,-26.792669997873343],[28.325010001111753,-26.841070004067884],[28.309549999686475,-26.879429997640454],[28.283520004098595,-26.877069992020704],[28.28430999651615,-26.864380002801852],[28.263330001386844,-26.866460004077823],[28.261910001087955,-26.875240002869173],[28.243464998520185,-26.873693003106187],[28.24428000049011,-26.884779999720266],[28.234709999498275,-26.882049989091545],[28.228339998136395,-26.903380002427586],[28.240259997508492,-26.916360002728897],[28.225859998028522,-26.923689999563997],[28.21693000207294,-26.91260000187405],[28.201550001791585,-26.910089999431857],[28.185849997476264,-26.89173999954728],[28.185039998641614,-26.87153000039515],[28.17345000435816,-26.846740004279532],[28.153920002154905,-26.849929995988415],[28.166519998650664,-26.865580002983254],[28.171330001850716,-26.88371000065268],[28.14434000310892,-26.889210000091918],[28.119130002537034,-26.889280012294385],[28.120489996997897,-26.852609999772724],[28.114810005782353,-26.844379998073624],[28.08015999797797,-26.834690010784207],[28.065780001730722,-26.82118000294434],[28.050699996737578,-26.813520000892943],[28.047610003455123,-26.80119000316862],[28.008180001159076,-26.770149999192206],[27.992180002216738,-26.725879999960313],[28.00048999820202,-26.703320001053193],[27.999559998489683,-26.69601999939811],[27.97823000033646,-26.672629990307446],[27.969109999152057,-26.668790003163384],[27.9409600011892,-26.675899999217027],[27.93516000025663,-26.69268001000524],[27.922830002159774,-26.70514999813012],[27.895180001827303,-26.70969000290855],[27.895580001536974,-26.719329998035565],[27.873640003076115,-26.747630001057928],[27.845820001826485,-26.746250009562694],[27.83385000344178,-26.750680002946563],[27.78280000319374,-26.75060999942504],[27.770800001903176,-26.758660001697688],[27.767960002085346,-26.786509997704353],[27.760239995522028,-26.797210002365077],[27.747660003047088,-26.785889997795138],[27.74148999684529,-26.769970000173856],[27.732039999171622,-26.762359998065733],[27.716306001299767,-26.761676999637665]]]},"properties":{"Union":"Lions"}},{"type":"Feature","geometry":{"type":"Polygon","coordinates":[[[28.220399998820433,-26.436280004345306],[28.20874000002768,-26.43402001219929],[28.187690000693003,-26.45312000406573],[28.17812000054263,-26.443749999442577],[28.18684000224791,-26.430329997942792],[28.18301400287947,-26.419234997023967],[28.16029000401054,-26.438029999904177],[28.14723000888044,-26.423930002118833],[28.125670005759325,-26.43066999335365],[28.117909000916573,-26.419069999310885],[28.077180000282336,-26.41730000019983],[28.077750001009143,-26.409139999837755],[28.097516002193156,-26.36030999938304],[28.081150003280364,-26.335710001139553],[28.067101999062967,-26.341940003692294],[28.081450004874874,-26.33429999876669],[28.080259995923132,-26.32091000027601],[28.09106999620823,-26.313559998980388],[28.078069999227285,-26.30381000824315],[28.07056000272708,-26.27261999845671],[28.077189998270207,-26.259930001029943],[28.12285199781697,-26.247929003437832],[28.127110002045598,-26.227180002680885],[28.11273999600111,-26.16777999791557],[28.12454600226408,-26.149132996918272],[28.13190000109644,-26.14646000014029],[28.136050003548135,-26.126410002384763],[28.180481003946472,-26.119425993926292],[28.17692999931145,-26.098389990398562],[28.18482999729601,-26.089259998841392],[28.179410000285905,-26.066839996964],[28.165679998033898,-26.056019999008893],[28.158183000602044,-26.038250000039323],[28.187990003217607,-26.036160000658153],[28.17985600144371,-26.020846996891386],[28.2144600000111,-25.994529996675354],[28.21152199665087,-25.978917995579877],[28.19753996258398,-25.974590116010067],[28.194452997301646,-25.984900000294488],[28.166459997304273,-25.979269987868317],[28.181050000257077,-25.919549998194174],[28.184987997210786,-25.90340699858389],[28.23843999841362,-25.92273999781718],[28.271211000339285,-25.925026999634685],[28.2694300039237,-25.91577000015003],[28.31947900156189,-25.913720001780593],[28.3381320029917,-25.94995299814457],[28.3523800035674,-25.954599998437036],[28.407189996863195,-25.924090001658396],[28.417610010834963,-25.939349999414826],[28.419780002719495,-25.951090000180287],[28.446020002499296,-25.964860002123256],[28.4569700092046,-25.956670000327495],[28.468013997904396,-25.963269003146564],[28.463049999737677,-25.973869998985943],[28.444420003693658,-25.991149998650908],[28.448239003817108,-25.999917996698162],[28.445667001081315,-26.018105997897315],[28.464389998262774,-26.011423004175207],[28.449129993442263,-26.042699995964554],[28.440469996148625,-26.04765999665457],[28.46867000070877,-26.078089998570228],[28.50305499688799,-26.06380000256352],[28.515820001124116,-26.081249996172684],[28.501190010395465,-26.089569991203795],[28.49050000395653,-26.126392002029093],[28.521339995917977,-26.14449001100048],[28.527150002864474,-26.178740004324563],[28.513630004413155,-26.221430001088766],[28.51817000016479,-26.274232996765633],[28.519596000287798,-26.325139000372474],[28.5249699969569,-26.332350006596382],[28.51424999590435,-26.34655000391306],[28.517879997092585,-26.361959998447567],[28.50873999928945,-26.38016999839166],[28.516349999712588,-26.447919999635605],[28.52314114760603,-26.465579530678863],[28.500769999704655,-26.4643699998592],[28.499080000232112,-26.439300002023824],[28.45023000197028,-26.440749996954608],[28.414719996519022,-26.422810003829753],[28.380828997777794,-26.447203997780715],[28.371779996934794,-26.435440004087038],[28.406659995586704,-26.408830000261172],[28.394080002535816,-26.397709999440504],[28.37029499792777,-26.393630996703934],[28.3549299987854,-26.406960001279028],[28.309050003445453,-26.367929999913173],[28.293609998008236,-26.38431000320509],[28.286329999712375,-26.367420003780868],[28.274010000595318,-26.358679998323176],[28.24856999396316,-26.370549998921327],[28.24418000215821,-26.376570008135772],[28.264610001931125,-26.40881000304895],[28.27109999820668,-26.413700000110662],[28.26374999706634,-26.435040011676474],[28.2234500006792,-26.43239999997601],[28.220399998820433,-26.436280004345306]]]},"properties":{"Union":"Eastern"}},{"type":"Feature","geometry":{"type":"Polygon","coordinates":[[[28.50305499688799,-26.06380000256352],[28.46867000070877,-26.078089998570228],[28.440469996148625,-26.04765999665457],[28.449129993442263,-26.042699995964554],[28.464389998262774,-26.011423004175207],[28.445667001081315,-26.018105997897315],[28.448239003817108,-25.999917996698162],[28.444420003693658,-25.991149998650908],[28.463049999737677,-25.973869998985943],[28.468013997904396,-25.963269003146564],[28.4569700092046,-25.956670000327495],[28.446020002499296,-25.964860002123256],[28.419780002719495,-25.951090000180287],[28.417610010834963,-25.939349999414826],[28.407189996863195,-25.924090001658396],[28.3523800035674,-25.954599998437036],[28.3381320029917,-25.94995299814457],[28.31947900156189,-25.913720001780593],[28.2694300039237,-25.91577000015003],[28.271211000339285,-25.925026999634685],[28.23843999841362,-25.92273999781718],[28.184987997210786,-25.90340699858389],[28.181050000257077,-25.919549998194174],[28.110230000855516,-25.944910010904454],[28.105469997351594,-25.924899999574905],[28.04573999620437,-25.93154999887482],[28.029906001386877,-25.91110199843649],[27.98785900036894,-25.934010003446495],[27.98398000298186,-25.90283000006651],[27.966859997432344,-25.91092000317353],[27.95015999644373,-25.906169996690405],[27.946669994031527,-25.914939997510647],[27.932119997514146,-25.916300001038294],[27.92248000057551,-25.917559997258216],[27.893797999964857,-25.905681003126627],[27.89035000191902,-25.883950009285467],[27.899469996137125,-25.88277999625682],[27.898200001176885,-25.85974000428349],[27.900540002181298,-25.84083000192217],[27.939530003440684,-25.836779997077148],[27.925829997372656,-25.82410999580431],[27.960169996848997,-25.81598999822348],[27.94932599564482,-25.759780002223266],[27.97314999829976,-25.756810003424246],[27.97947000107236,-25.751450002275895],[27.948189999634135,-25.69521000365476],[27.957490008745157,-25.693689998111967],[27.951860000683613,-25.671300001304868],[27.953130003941194,-25.655700000877594],[27.965169997533238,-25.645414998381764],[27.96485999835581,-25.63483999089394],[27.9805600115586,-25.6328000071798],[27.972159999921175,-25.597910001782527],[27.957629999618128,-25.592619997258204],[27.981460001009673,-25.542750000575683],[28.030650000884492,-25.55835999883771],[28.04951000418102,-25.559559997970787],[28.052400001987056,-25.53579999966079],[28.024422000001458,-25.53069999974311],[27.992439994509002,-25.518029999667053],[28.007510001621082,-25.484089999291818],[28.035950004113847,-25.47058999734671],[27.991657000207695,-25.424517002421666],[27.96972000105328,-25.43910999991235],[27.94563999553965,-25.40670000288963],[27.97075999667277,-25.362949989878754],[28.000409996324827,-25.35942000277239],[28.044730002872697,-25.40173999460977],[28.055529997094037,-25.400050003708664],[28.083027996586836,-25.38451600228093],[28.10801999982745,-25.367006999700177],[28.11072999935401,-25.378899997580294],[28.176669998137037,-25.36586999879893],[28.17675000774198,-25.328590000754257],[28.20147999869508,-25.323710001751035],[28.228330000240323,-25.35419000335145],[28.29806000260042,-25.339339996378925],[28.298160000945213,-25.310370001963427],[28.379160997846846,-25.292055997589607],[28.382600004362118,-25.321149999716376],[28.43370000196614,-25.322430001048602],[28.43928999308717,-25.310179996559455],[28.503590000778633,-25.308839998726718],[28.501159999431355,-25.265449999715713],[28.513280003247214,-25.256149999078715],[28.59481000355799,-25.24942999631882],[28.60439999968028,-25.25208999573135],[28.632629999688852,-25.27997000282704],[28.65930999942475,-25.234780000599482],[28.664340002806277,-25.2517900023599],[28.67553999736245,-25.234960000884296],[28.67854999787147,-25.210760001748234],[28.655329997674187,-25.21352999789719],[28.638110001868647,-25.183889997012077],[28.615870001550093,-25.15162999714452],[28.651569996417066,-25.14289999729159],[28.6683099976669,-25.138524989768555],[28.71011000440544,-25.116060003016663],[28.744588997162985,-25.109612001821176],[28.759159996298816,-25.149719998173328],[28.775410000123536,-25.183770002964618],[28.784560003439662,-25.228659994098994],[28.763849989866745,-25.22109000077367],[28.732429997614563,-25.269170000631682],[28.739590001379778,-25.28853000057759],[28.732940001880895,-25.282699998163906],[28.69563000202644,-25.294460002690844],[28.641260001865408,-25.327639996788225],[28.622579998224065,-25.33364999913716],[28.63893999726119,-25.393980004356443],[28.61978999759512,-25.41138999627673],[28.629409997208903,-25.459849997665973],[28.620989998446497,-25.4706599987698],[28.632059999370856,-25.488410003168816],[28.63399999952948,-25.51988999955746],[28.625750002111996,-25.52304999680769],[28.635000004017236,-25.55915999776312],[28.64544999718731,-25.58577999978636],[28.642512002770538,-25.589865003384404],[28.67469500084324,-25.658849991787033],[28.68377999698322,-25.67538000025167],[28.708800000425516,-25.682820000864314],[28.72205999775094,-25.644180001357036],[28.723869999273152,-25.631770000571354],[28.738179999940407,-25.633869997939875],[28.766310000935878,-25.646979998599683],[28.752849889476135,-25.693910584339378],[28.757220001580645,-25.70587999799665],[28.769259997177848,-25.69877999917872],[28.79272999964845,-25.70242999625445],[28.808239998670576,-25.689029999801022],[28.819299995115223,-25.695090001232497],[28.846950003044007,-25.68242000117751],[28.822919996574342,-25.65892000382979],[28.810030003602932,-25.659119999017697],[28.811500002647414,-25.643030000406576],[28.836010001785567,-25.637369997782915],[28.84569999596064,-25.6523099968878],[28.869299999512336,-25.65811999604289],[28.87195000096354,-25.641629997278546],[28.858380003257345,-25.634809995630544],[28.843109999501735,-25.56644000383558],[28.80854000094893,-25.573249997953674],[28.79705400073974,-25.542044995967117],[28.85178000327235,-25.50181000039758],[28.874080000966067,-25.527060000899667],[28.858223998354546,-25.569064998325263],[28.910090004385864,-25.52445999896294],[28.915160000078334,-25.558000000342037],[28.946539999003246,-25.59979999717014],[29.007760001912857,-25.574160001765637],[28.99324000006842,-25.542520001772203],[29.032270001085656,-25.520719993763652],[29.048189999184675,-25.520219995900305],[29.058739998133166,-25.527230002886263],[29.078729996852672,-25.499590000564805],[29.091370002984775,-25.53058999555965],[29.09842000310549,-25.53773000280356],[29.086889995568548,-25.54861999705691],[29.03428999687964,-25.56339001018307],[29.04561999861777,-25.58080000267929],[29.03999999761496,-25.617549999961334],[29.064199989205505,-25.6206599989105],[29.06462000131868,-25.642419998793326],[29.00829000308355,-25.660570001675005],[28.968829999345726,-25.67330999780465],[28.950672998317604,-25.728273002953905],[28.981310002246456,-25.74254000180867],[28.95758700350445,-25.774645999959905],[28.938169998971627,-25.82328499629179],[28.95044899999661,-25.837352998317147],[28.941070002302908,-25.87729000306854],[28.93817999585826,-25.888640002021667],[28.886800000268256,-25.871429997289262],[28.88896000239259,-25.880329999074956],[28.87950999553978,-25.925240999798156],[28.882540000599576,-25.969780000644036],[28.88504999621751,-25.97439999939208],[28.86483999720615,-26.001269996448443],[28.832929997739768,-26.00480999714677],[28.793860004404717,-26.004569999754384],[28.773859998458896,-26.013659999201938],[28.757540000670147,-25.99057999841351],[28.710839999561205,-25.990589995762893],[28.652659999874473,-25.974250001746693],[28.63226000308482,-25.970779996977306],[28.590949997331755,-26.00247999392955],[28.57893999693852,-26.05959000303486],[28.538629995015768,-26.047810001589067],[28.530769997953033,-26.061569997870063],[28.515764999208102,-26.05852499899444],[28.50305499688799,-26.06380000256352]]]},"properties":{"Union":"Titans"}},{"type":"Feature","geometry":{"type":"Polygon","coordinates":[[[29.51882997854754,-25.422790022228135],[29.45277997255426,-25.40725002971987],[29.398949971613575,-25.41483003008262],[29.362459978916544,-25.40711002097478],[29.34995997012566,-25.404640034201933],[29.34212997341833,-25.373070032078783],[29.3214399733237,-25.379870030270975],[29.264433960267652,-25.3754630420167],[29.25309996969492,-25.38354002993752],[29.23753997003274,-25.402330029929413],[29.207338979016185,-25.41457202056859],[29.19569997144772,-25.37028003078487],[29.142019972687354,-25.385830032403575],[29.164119970376834,-25.354480030081174],[29.174629972808532,-25.318469966317377],[29.166959959796223,-25.303360041783645],[29.118369972016165,-25.313239966165455],[29.09588997346084,-25.32118003224276],[29.09016996924038,-25.28939996628885],[29.056479970074136,-25.279330033239656],[29.038444972001084,-25.276459965632903],[29.032259982939213,-25.249330020209804],[29.044899972472265,-25.2021599648763],[29.042509980915426,-25.140500019722026],[29.089839960670037,-25.14845004237678],[29.086869971111398,-25.136540030705508],[29.128429971670375,-25.11303996612772],[29.11849996237786,-25.107520041049128],[29.105759970270533,-25.100430030666576],[29.088289966963945,-25.10362003087375],[29.085570960782167,-25.08821395590184],[29.070663960204968,-25.065466042436736],[29.01880997109605,-25.05489996612122],[28.976359970218443,-25.07083003101304],[28.97170997038313,-25.07017996696888],[28.946200035205617,-25.017030031176535],[28.934860035312745,-25.00065996198868],[28.910299970085596,-25.00708996580754],[28.90936996639644,-24.99549003083584],[28.891659972086646,-24.955459962861166],[28.941759970395893,-24.933640031258058],[28.924069973617623,-24.901529978111093],[28.84638999960621,-24.933259996691042],[28.83739000103979,-24.916009999952706],[28.75937999686814,-24.91135000066217],[28.71377999671303,-24.95362000214888],[28.658850001766844,-24.97216999698031],[28.63379999680672,-24.984389997786522],[28.605540002827155,-25.00379999825244],[28.634289996493653,-25.058240002130255],[28.609490000573896,-25.059899998036816],[28.606899996951505,-25.070390000087915],[28.473739998328295,-25.089319998658922],[28.495239996396137,-25.131779996961683],[28.44660000937296,-25.135870001671808],[28.44297000060801,-25.128989989362584],[28.379259998643636,-25.1552999988687],[28.39191000292516,-25.164150000644728],[28.411020000674714,-25.204829999685728],[28.461599997228213,-25.201479996704837],[28.497650000603894,-25.181830001200787],[28.532059997256187,-25.16978999902888],[28.53682999862717,-25.152549990799898],[28.596110001051215,-25.142579998566017],[28.59672000315242,-25.138469996565618],[28.635959998966342,-25.128130000173524],[28.63496000284416,-25.118330001361493],[28.64890999653006,-25.1129200018317],[28.651569996417066,-25.14289999729159],[28.615870001550093,-25.15162999714452],[28.638110001868647,-25.183889997012077],[28.655329997674187,-25.21352999789719],[28.67854999787147,-25.210760001748234],[28.67553999736245,-25.234960000884296],[28.664340002806277,-25.2517900023599],[28.65930999942475,-25.234780000599482],[28.632629999688852,-25.27997000282704],[28.60439999968028,-25.25208999573135],[28.59481000355799,-25.24942999631882],[28.513280003247214,-25.256149999078715],[28.501159999431355,-25.265449999715713],[28.503590000778633,-25.308839998726718],[28.43928999308717,-25.310179996559455],[28.43370000196614,-25.322430001048602],[28.382600004362118,-25.321149999716376],[28.379160997846846,-25.292055997589607],[28.298160000945213,-25.310370001963427],[28.29822999609008,-25.293220003008372],[28.258840003371002,-25.236950002350415],[28.246270000567087,-25.21285500442377],[28.211189997514314,-25.198069996679923],[28.169489998796603,-25.209430009564898],[28.13571999882658,-25.205639997775567],[28.128970002393086,-25.145689989581246],[28.094349995920197,-25.148469999676497],[28.08385000432168,-25.10036999585715],[28.117940001199774,-25.098059996937366],[28.15393000005422,-25.08678000078909],[28.175069999138504,-25.11360999700148],[28.17382000140871,-25.1200100104457],[28.19827000277455,-25.127590000695058],[28.21499000018759,-25.128149995976024],[28.21703999757173,-25.113039996197404],[28.259759996923233,-25.050450000429024],[28.158589998424954,-25.020539999900528],[28.12521999096988,-25.004800001650157],[28.120010003649313,-24.979469990816874],[28.08007999719728,-24.979490003312872],[28.037849997366607,-24.98383000374909],[28.01777999591813,-24.974050000873834],[27.997609997938014,-24.97349999705829],[27.98355999791269,-24.957849997624855],[27.975179999388423,-24.965710002569985],[27.954950002749218,-24.970169998308123],[27.94646999768596,-25.00122000007788],[27.912889996870938,-24.99108999715757],[27.886659996126866,-24.98829000644231],[27.833072002170205,-24.97352099773811],[27.821660003215207,-24.974580002403144],[27.78890999595959,-24.966520000780633],[27.759140002962596,-24.968910000956598],[27.73885000172191,-24.983139999810845],[27.68729999738334,-24.99435000039743],[27.684669998577505,-24.985839992851112],[27.62859999385563,-24.97370999926772],[27.597490003216972,-24.984870000291533],[27.594040001665004,-25.029440001313112],[27.567829998134574,-25.05943000335638],[27.55980000664963,-25.077309999419196],[27.56446999612413,-25.083720002143306],[27.543599995968158,-25.095879997758644],[27.53392000040445,-25.083249998068545],[27.521240000960447,-25.07598999661788],[27.498029998633545,-25.073199997359282],[27.486900001249058,-25.078419998424817],[27.481750002206425,-25.067070000286442],[27.431330001065284,-25.082049999370188],[27.42459999985821,-25.068910002803747],[27.38250999926922,-25.080009998772983],[27.336949999638982,-25.087819996572595],[27.31359999955353,-25.04208999681483],[27.271940001431506,-25.036719998551217],[27.22355099869515,-25.067404998851533],[27.231679998390337,-25.036109997105953],[27.20346800007389,-25.03318299825382],[27.209109999811925,-24.995640007130337],[27.2260920024413,-24.963937001667475],[27.183419999249317,-24.94852000206187],[27.15404999712036,-24.9789600032825],[27.143852998860545,-24.946151003747733],[27.101150003146362,-24.90004000264861],[27.041219999076986,-24.886970003392264],[27.026329998519394,-24.718630002034406],[26.975909998266058,-24.720670001580544],[26.98072000162745,-24.77576999788118],[26.94265000310133,-24.77626999632636],[26.943320002373866,-24.781370003160223],[26.903469995609807,-24.795824000004423],[26.779540003067364,-24.83769000298314],[26.751259996335836,-24.882959998891327],[26.705090004400475,-24.85697000269099],[26.699300001242598,-24.867290003868494],[26.6603900016525,-24.839560001737105],[26.622010002776165,-24.80986000384393],[26.6009799997742,-24.81577999116855],[26.56645000238434,-24.819899999145512],[26.52857999914711,-24.813839997181457],[26.45828000246245,-24.809470002140507],[26.459489999811176,-24.790489996950043],[26.4446400014887,-24.790789999341367],[26.42631999584115,-24.77197000400756],[26.425999998399288,-24.746100002630683],[26.41819999757597,-24.72901000004197],[26.42701000021037,-24.697900000605454],[26.421380000181568,-24.692029996824317],[26.42203000302664,-24.669890001549863],[26.427310001726543,-24.657520002881906],[26.40878000313473,-24.64612999633079],[26.42168000232444,-24.633449997111747],[26.428240002429916,-24.619539995708443],[26.44820999588871,-24.612860001581755],[26.469550000170717,-24.590859998108193],[26.48204999909529,-24.566910001608356],[26.48971999808631,-24.538579989331826],[26.5003299946574,-24.522439998229807],[26.5021299975773,-24.5070699970005],[26.51022000059732,-24.502750000547927],[26.51052000335856,-24.48790999962823],[26.559649996519667,-24.453610000942138],[26.56773999286997,-24.436370001289884],[26.58528999963755,-24.422320001758003],[26.587739998012072,-24.411290000554754],[26.60530000398533,-24.409610001416095],[26.62525000151306,-24.393839999782305],[26.64705000175345,-24.381830000404406],[26.663059999664586,-24.381259999249394],[26.670050002166384,-24.367839998252208],[26.66766999864317,-24.35764999710563],[26.688640005482792,-24.336909997657294],[26.702260002625742,-24.331480002062776],[26.70399000240575,-24.32182000198668],[26.72020000402932,-24.31845000185031],[26.732999996572314,-24.304540002227785],[26.751940000999216,-24.313180002336722],[26.77791000079827,-24.30016999886681],[26.799930000756433,-24.29995999700126],[26.802810001097033,-24.29343000011663],[26.823190002462795,-24.27974999683335],[26.82559999853899,-24.272309996843365],[26.844389999095938,-24.272990002213707],[26.868809997645606,-24.243819995826108],[26.859149997942225,-24.224800006007836],[26.880610003264024,-24.196579996604644],[26.86756000679774,-24.188950005854956],[26.865470000925047,-24.172000002136503],[26.878159998300294,-24.166879998679857],[26.874770002244688,-24.147460001338512],[26.86167999735616,-24.13752000341672],[26.86748999612956,-24.124479997865105],[26.860289991697673,-24.108339998575918],[26.86320000255062,-24.099720004246624],[26.88169999887247,-24.094119998606857],[26.888640002028154,-24.07590000043563],[26.8889500017953,-24.05555000232676],[26.908940000807046,-24.029180003285866],[26.914629999086763,-23.971419999384107],[26.932539997542975,-23.953109999959356],[26.927699998780934,-23.92355999857651],[26.9422900017129,-23.903659999871653],[26.942530000805732,-23.88717999864816],[26.95525999858368,-23.87357999943479],[26.948370000919617,-23.86022999971485],[26.933880000833533,-23.856760000954743],[26.940289999466383,-23.84365000058498],[26.95135000036548,-23.8409599999443],[26.95853999859007,-23.829920000089302],[26.948770001250686,-23.823459999159887],[26.951709996481682,-23.794539997907833],[26.963989998779514,-23.7771500004157],[26.965400000487822,-23.754540001273337],[26.961440000911058,-23.746910001998042],[26.96961999916716,-23.72897000122088],[26.971070000007895,-23.70275999893581],[27.0010566188705,-23.689034392341178],[27.002669999076918,-23.66738000222796],[26.99965999809265,-23.652440002744395],[27.01147999963794,-23.63778999955449],[27.025870001538756,-23.644720004848804],[27.03164999895239,-23.67696000036258],[27.045580003944906,-23.6826799999391],[27.07750000118485,-23.6612100037782],[27.08114999830992,-23.64331000268966],[27.05938999929436,-23.61257999891029],[27.079660003184458,-23.607229996689167],[27.08162999972143,-23.59889999711999],[27.105500002256594,-23.597450002767378],[27.10812000120171,-23.570039992299204],[27.120840000884577,-23.5661499979541],[27.131060003320407,-23.57410000310902],[27.14982999896127,-23.5727599969427],[27.1532700018416,-23.56428999831051],[27.14003999797871,-23.553320002170732],[27.134049999785542,-23.536639989781513],[27.14717999732422,-23.523550000974627],[27.155559995587698,-23.53521999818033],[27.173160003333173,-23.52223999674787],[27.18757000119013,-23.532639992274937],[27.199119995651493,-23.534999998195545],[27.209050003235138,-23.521389999240746],[27.19426000057249,-23.5149500012115],[27.192079994517304,-23.498470001349123],[27.260349998220654,-23.47219999871842],[27.268009999372918,-23.477779999722827],[27.302960001051225,-23.462660002010022],[27.31612000052001,-23.44698999861167],[27.31178000080769,-23.433569998112517],[27.32580000502304,-23.414819999066804],[27.329810001268388,-23.403079998407943],[27.34881000281987,-23.39752000217665],[27.3563900026998,-23.410579996248618],[27.34815000220991,-23.42384000182884],[27.374259999590887,-23.427089999969947],[27.380709995866763,-23.419969996883],[27.372840001168942,-23.4100200007],[27.388049999010907,-23.389890004174443],[27.407210003683204,-23.388769998363927],[27.410230001696373,-23.399589996155377],[27.401039997985794,-23.41198000011427],[27.412069998046565,-23.425319998564405],[27.427040000351862,-23.425779996293628],[27.435180002429423,-23.397390002201536],[27.44767000309463,-23.38653000197168],[27.46120999856955,-23.384000002561944],[27.504440001674237,-23.388049999860534],[27.528649999148893,-23.385269997548733],[27.538529999007704,-23.365830003263675],[27.563889997130644,-23.34816000082018],[27.57074000014521,-23.32598999558206],[27.560299997142945,-23.31541000214199],[27.576310002794987,-23.280940001374088],[27.575579998060142,-23.261340003995503],[27.59134999908243,-23.256920002189112],[27.60158999854176,-23.246230003617114],[27.596610002195554,-23.22369000106618],[27.603589998168584,-23.215790003051623],[27.63901000291923,-23.226080002098826],[27.658259998948456,-23.22219000028764],[27.67200999679936,-23.2004799986675],[27.68930000299805,-23.19622999889792],[27.703719999697352,-23.203740002804192],[27.71175999722863,-23.2260400010143],[27.726229999656315,-23.23286000185663],[27.741619997634995,-23.230410004075715],[27.752580002957338,-23.21758999834074],[27.750760004302514,-23.205730003853226],[27.75961999632437,-23.190559998210745],[27.784580002486017,-23.172479998774634],[27.78334000200001,-23.157670000012626],[27.765299994648174,-23.14242000170619],[27.767299993590903,-23.133489998161732],[27.793809999421747,-23.137479997187278],[27.81843000283225,-23.12810000256094],[27.81211999758474,-23.10945999982973],[27.83270000218591,-23.108889999075558],[27.881099999825743,-23.090509996657424],[27.920549997860544,-23.06777999733856],[27.938279996641207,-23.048329995924302],[27.943489999991485,-23.036219999417767],[27.937439989264753,-23.00728999808313],[27.942659998018552,-22.994200001045055],[27.935290001454405,-22.965570002339813],[27.959700002471827,-22.9606299981443],[27.995470000230657,-22.936469999853582],[28.01377999815444,-22.930989997050503],[28.036819999169296,-22.9130299986493],[28.049989997458056,-22.88908000312967],[28.044470001999507,-22.871890003157826],[28.04740999854561,-22.860609990559738],[28.039140003526295,-22.841910007179127],[28.0457299983688,-22.8300899972084],[28.06494000181009,-22.828759997402006],[28.09693696299578,-22.811053036528246],[28.110090002347942,-22.80047999886141],[28.12144000114675,-22.78452000037858],[28.14512999859505,-22.774820000328774],[28.162369998384055,-22.75585999935075],[28.16360999821259,-22.73972999916029],[28.159720001183793,-22.718329999273514],[28.182609999426017,-22.688570001391152],[28.209670000784648,-22.664460001589138],[28.24568000206298,-22.656699998342347],[28.26594999967165,-22.64012999783732],[28.279150000817992,-22.614630000207505],[28.305669999338924,-22.60918999918089],[28.332710002078382,-22.591049999823593],[28.342640000707185,-22.57372000104387],[28.37740999708829,-22.570040002160503],[28.406130003823492,-22.569619998369472],[28.422649996884026,-22.573069998768442],[28.442849998617895,-22.569009996382277],[28.455839996824952,-22.57234000293806],[28.48285000092269,-22.57176000427997],[28.508950001344846,-22.58910999934533],[28.523490000103344,-22.58737000225902],[28.541330003392126,-22.57892999727491],[28.56274000178198,-22.561360001032632],[28.571200001653327,-22.559769992596067],[28.617439998188757,-22.562479999318555],[28.639279998846536,-22.558710007862125],[28.6580399958892,-22.548339999932246],[28.676490001114324,-22.532170007155095],[28.68603999682489,-22.533869996097582],[28.700479997710328,-22.52635000166825],[28.710359999381236,-22.514750000387348],[28.738899997794274,-22.504079998822288],[28.76024000138728,-22.503119995810312],[28.831050001032235,-22.488250001050623],[28.83247999906015,-22.46179000224993],[28.854980000609963,-22.451600001341095],[28.88087999719926,-22.44783999993194],[28.89929999988356,-22.453010002875104],[28.911820002927207,-22.46141999735217],[28.9232789616761,-22.457035038124033],[28.943119940789003,-22.433889932414218],[28.952439941011622,-22.40408005772182],[28.97144994099435,-22.37698005809946],[28.963530066456812,-22.347180058065003],[28.962709941321744,-22.329460058386132],[28.96657994064252,-22.30754005767133],[28.976109941161294,-22.300490058077127],[28.981729940870224,-22.285590058440174],[29.00276994217935,-22.274720057928437],[29.013439941972184,-22.25747005816936],[29.012819941705047,-22.23743005710609],[29.02683994201381,-22.22903005784856],[29.036939942341007,-22.216310057371345],[29.048419942087556,-22.219119932695083],[29.085679942182594,-22.220750057845798],[29.108679942387106,-22.212390056998498],[29.145399942463598,-22.216500058192942],[29.15499994156639,-22.214520057754076],[29.19076994157764,-22.185800058236183],[29.217199942152746,-22.17831005768959],[29.238289941522552,-22.181820058237864],[29.259019942047562,-22.19333005814254],[29.277159942350057,-22.19263005764753],[29.284219942041005,-22.1861100578882],[29.320619942476046,-22.187000057942385],[29.331989942474866,-22.204170057654498],[29.352809942254712,-22.198020057841738],[29.365229941677285,-22.19890005787053],[29.38556994164506,-22.19212005757533],[29.424649941736167,-22.172890057748777],[29.472179941628177,-22.16559005834725],[29.510819941924904,-22.176860058248824],[29.527959942356265,-22.178000058405726],[29.54100994234385,-22.152270058353803],[29.563759941898194,-22.149370057804344],[29.582569941587803,-22.14120005784863],[29.605429941815547,-22.155690058223676],[29.614019942413087,-22.154400058430408],[29.628749941931567,-22.135280057331858],[29.65442994173539,-22.125030058098783],[29.677039942237666,-22.138970058252646],[29.701329941627186,-22.13727005749449],[29.715989942371127,-22.143340058253006],[29.73309994235975,-22.141310058181045],[29.77358994237302,-22.141420057862128],[29.805229942392767,-22.16550005762769],[29.83392994165375,-22.17512005759619],[29.859929942369877,-22.175200057349763],[29.87907994231,-22.19208993267835],[29.890339941678295,-22.195170057343187],[29.92311994217422,-22.18918005816807],[29.96054994203477,-22.212960058248765],[29.969889942479277,-22.224170057763168],[29.98188994246558,-22.2235300581573],[30.01984994178947,-22.233440057699433],[30.019449941767025,-22.243880058024455],[30.031479941880303,-22.255989933175158],[30.054709942062498,-22.25556005843547],[30.074199942725848,-22.273010058010616],[30.103169942901385,-22.288320057637648],[30.12156994269002,-22.308670056907655],[30.133009942559635,-22.311030056900652],[30.155239943313497,-22.300250057617347],[30.19321994274765,-22.296060058325185],[30.22753994332034,-22.294980057428262],[30.25519994347107,-22.317970057947626],[30.266249943300334,-22.337370057976475],[30.28287994297928,-22.354010058163205],[30.301959942810814,-22.35441005826772],[30.31634994332221,-22.34769005791282],[30.343159942913893,-22.350530058171405],[30.362209942703846,-22.34824005772666],[30.37900994259367,-22.351300057125943],[30.399169943448204,-22.34467005689441],[30.43655994264163,-22.33677005840212],[30.475739942741562,-22.31912005821505],[30.491889942576456,-22.31659005819243],[30.554609942694526,-22.33151005838704],[30.567059943137455,-22.32162005804973],[30.587369943239484,-22.318820057926587],[30.609129943340314,-22.324220057843053],[30.626089942814854,-22.336340058069577],[30.636179943445793,-22.334620058086195],[30.650710002174034,-22.318019998322402],[30.666890000637295,-22.31038999926556],[30.7040499959583,-22.317089998074877],[30.72698999864164,-22.310429999830088],[30.7609700001209,-22.304149997057618],[30.778089997332486,-22.303820001224334],[30.83917000235455,-22.292080001158382],[30.88548000085197,-22.304340003176097],[30.900150000499686,-22.296359996359204],[30.933810002930237,-22.30297000324779],[30.948130002105298,-22.31530999910822],[30.966920002067035,-22.314320000674826],[30.976199998454955,-22.326220004679303],[30.98652999815265,-22.327629998894842],[30.99967999886855,-22.31641999056594],[31.0500900022055,-22.33711999041486],[31.082800000756404,-22.347829999674854],[31.094109999473456,-22.348689995598175],[31.141030000239546,-22.33187000142856],[31.1619999982393,-22.32842000030591],[31.187410008848527,-22.338930012196013],[31.200930002250217,-22.360850000958447],[31.220869994300156,-22.369809999588593],[31.248420108767238,-22.362939991770833],[31.263130003631336,-22.364859997192987],[31.273680004537834,-22.37476000163759],[31.288499999775933,-22.40590000363911],[31.30936999969587,-22.422010006978308],[31.3092300018176,-22.42755999014065],[31.344895727512657,-22.534533113228836],[31.475255564585584,-22.925593811836876],[31.545789997608583,-23.13719000212678],[31.563599990471637,-23.198229998210316],[31.56142324325442,-23.22428279491246],[31.561202072719716,-23.22692990617207],[31.555860003233416,-23.269050003701146],[31.550730001601863,-23.41028000232344],[31.56101999983661,-23.48195999699609],[31.665840003992237,-23.59144000001757],[31.69054999944076,-23.629440002990666],[31.697390004719185,-23.72188999255933],[31.76918000362171,-23.887799999917416],[31.880720001066063,-23.955050002215383],[31.883834663364475,-23.98459445435882],[31.85268000036239,-23.986849997334623],[31.8249700030676,-23.98616000167396],[31.81253999949359,-23.999310003989276],[31.794610004418203,-23.991929999762522],[31.78269000402969,-23.982080001803567],[31.76747999815274,-23.984619999580122],[31.73349999613099,-24.01452000239098],[31.73581000364208,-24.04607999984118],[31.718699996398453,-24.056840000678392],[31.68372000051846,-24.05953000379174],[31.6787199978375,-24.055089996670922],[31.665980002070132,-24.016700000244843],[31.652420002111143,-24.014200002849577],[31.620889999024058,-24.023250002061058],[31.60957000274012,-24.03628999881167],[31.609239998371642,-24.04509000285014],[31.5946999996606,-24.056369998194047],[31.580280003136753,-24.047109997808473],[31.56823999981572,-24.033069996554083],[31.546239996137828,-24.039719995899134],[31.54255999678795,-24.053990003848984],[31.520940003873953,-24.054300004224284],[31.50992999933043,-24.043180002563144],[31.481969999387086,-24.031620001777245],[31.46252999725618,-24.0296400003961],[31.440939999042747,-24.02098000326263],[31.440560003546953,-24.038299996394908],[31.428049998150847,-24.054500000368424],[31.39901999955967,-24.067550004309822],[31.386439998521933,-24.05219999924182],[31.37911000196795,-24.052250006364122],[31.365119999432746,-24.06846000674539],[31.317669997740435,-24.082869998042103],[31.293450003194458,-24.07439000058332],[31.275079998978235,-24.09381999661109],[31.2641099959778,-24.099830000210318],[31.252280003471352,-24.097730003071348],[31.24701000356157,-24.07500000322574],[31.23470000099112,-24.05756999657286],[31.220020003376955,-24.04556999604019],[31.19425000856394,-24.031149998550113],[31.178100004077102,-24.034990002341374],[31.170949999301566,-24.056189999226113],[31.147080004317107,-24.06968000334577],[31.133779996914477,-24.073699996777076],[31.118799998540933,-24.068239998654647],[31.10155000037249,-24.070639998309307],[31.07642000141333,-24.0811899970205],[31.063430002408083,-24.091459999363746],[31.085990000726262,-24.094519999343674],[31.120569998471513,-24.09025999963563],[31.115100002370742,-24.1192099893265],[31.09614999930616,-24.11736000339111],[31.107269998685723,-24.145730001004313],[31.049939997766582,-24.187319997381596],[31.05436999834674,-24.231929999117806],[31.060429999871705,-24.27180000088612],[31.056020004185275,-24.32188999688381],[31.102210001555193,-24.323730001355987],[31.152520006461124,-24.318669994744244],[31.200059999055426,-24.30494999227478],[31.24202999827527,-24.36543000056844],[31.159969996882655,-24.37557000213063],[31.159949999797732,-24.43740999791282],[31.20324000137226,-24.426459990808024],[31.253660002252108,-24.499120000922073],[31.226180010995165,-24.55601000208923],[31.111079998950576,-24.566120000382686],[31.053739999470764,-24.570280000544575],[30.959319998192793,-24.582070000965466],[30.95433001115086,-24.521279999582465],[30.90892999928968,-24.525769997434995],[30.871709999545125,-24.53850000263977],[30.799280002770768,-24.498890002035445],[30.758979999015715,-24.46021999861182],[30.730179999219533,-24.498499999604423],[30.732280003125922,-24.547519997780448],[30.730319997289477,-24.60872999631292],[30.70154999942236,-24.586410001263822],[30.67924000288116,-24.623670001763628],[30.709660997328342,-24.667363999651766],[30.720100001914325,-24.705238009419862],[30.678569996452403,-24.735809996832806],[30.636610004455562,-24.734079996952392],[30.633719996792955,-24.758499996303726],[30.66422000272274,-24.77460999973241],[30.656200003388474,-24.811690000679473],[30.63488000446688,-24.852770001083133],[30.618660003683377,-24.844240005406384],[30.608365003080827,-24.872412998554495],[30.57996999695701,-24.887370002367945],[30.58116999665257,-24.916909997015516],[30.5628800027376,-24.8964600005564],[30.496309997118527,-24.914720001390425],[30.494219998693353,-24.953270001384382],[30.4515399915382,-24.912000003954546],[30.437979999538925,-24.864339999785017],[30.425070003215954,-24.85486000022636],[30.3897699998208,-24.849450000185897],[30.396190000904852,-24.870859991084895],[30.35417000292318,-24.849279998851838],[30.352880004069547,-24.883449998061277],[30.297290000503903,-24.867740001991788],[30.191979988634735,-24.85547000922873],[30.178470004446524,-24.92206000317447],[30.171539998980716,-24.972259995884183],[30.172069999464757,-24.989169999003586],[30.19865999921797,-25.036360000371307],[30.15934000072891,-25.028029999964588],[30.1485099972941,-25.032350003996967],[30.148580007546283,-25.089949997109326],[30.14442999738204,-25.091210000817554],[30.144389996957,-25.123789998656463],[30.12114999957885,-25.120859999571042],[30.09084999912344,-25.125500002576157],[30.0902399968329,-25.10810999834614],[30.029869999758294,-25.064130001848696],[30.02983999675971,-25.084570000311412],[29.978949982395637,-25.09211998170087],[30.00540997116687,-25.14438003122237],[30.00983997103788,-25.23128003082478],[30.00910997321514,-25.249530030612426],[30.000669971160796,-25.27948003164596],[30.0062099710776,-25.340340030262627],[29.990589983148997,-25.338250026404804],[29.937569971062892,-25.331020030755614],[29.887919962268505,-25.33857995558289],[29.887799972114426,-25.364339964766405],[29.840299972353694,-25.38632003099684],[29.83257997249166,-25.36979003180605],[29.821219969733903,-25.360299965687222],[29.79318996812453,-25.362059967139096],[29.77023997155282,-25.401530030061437],[29.727649972442393,-25.384160030167415],[29.673859971941752,-25.372160030304048],[29.612789972964666,-25.400610030336292],[29.586999972815956,-25.39516002998127],[29.52262996103176,-25.40504004043978],[29.51882997854754,-25.422790022228135]]]},"properties":{"Union":"Impalas"}}],"crs":{"type":"name","properties":{"name":"urn:ogc:def:crs:OGC:1.3:CRS84"}}}